decision_time,bias,zone,sweep_time,reclaim_time,entry,stop,target,market_flow_score,setup_type
2026-05-20 00:06:59.999000+00:00,bearish,anchored_vwap:1faf26e4d38c85,2026-05-20 00:02:59.999000+00:00,2026-05-20 00:06:59.999000+00:00,76760.3,76962.62016588154,76377.0,0.603,reversal
2026-05-20 01:29:59.999000+00:00,bearish,untested_breakout:195ea6c8e2b95f,2026-05-20 00:29:59.999000+00:00,2026-05-20 01:29:59.999000+00:00,76550.7,76973.20875593172,75916.93686610242,0.552,reversal
2026-05-20 01:52:59.999000+00:00,bearish,anchored_vwap:08814c7e8427a2,2026-05-20 01:50:59.999000+00:00,2026-05-20 01:52:59.999000+00:00,76725.7,76986.52923343092,76107.7,0.587,reversal
2026-05-20 02:29:59.999000+00:00,bearish,volume_hvn:c90514c2914fda,2026-05-20 02:22:59.999000+00:00,2026-05-20 02:29:59.999000+00:00,76742.1,77013.72230280344,76107.7,0.538,reversal
2026-05-22 22:34:59.999000+00:00,bearish,untested_breakout:3a187de00ff011,2026-05-22 22:31:59.999000+00:00,2026-05-22 22:34:59.999000+00:00,75701.9,75984.35775450473,75278.2133682429,0.602,reversal
2026-05-22 23:32:59.999000+00:00,bearish,untested_breakout:3a187de00ff011,2026-05-22 22:32:59.999000+00:00,2026-05-22 22:34:59.999000+00:00,75662.1,75947.76651333847,75233.6002299923,0.523,reversal
2026-05-22 23:33:59.999000+00:00,bearish,untested_breakout:3a187de00ff011,2026-05-22 23:09:59.999000+00:00,2026-05-22 23:19:59.999000+00:00,75671.2,75956.86651333846,75242.7002299923,0.577,reversal
2026-05-23 02:52:59.999000+00:00,bearish,swing:15deb45b0a51d3,2026-05-23 02:13:59.999000+00:00,2026-05-23 02:14:59.999000+00:00,75530.1,75780.7045240237,75154.19321396446,0.662,reversal
2026-05-24 17:51:59.999000+00:00,bearish,equal_highs:dc164e7559b552,2026-05-24 17:50:59.999000+00:00,2026-05-24 17:51:59.999000+00:00,76673.2,76923.97659481251,76159.7,0.734,reversal
2026-05-24 18:51:59.999000+00:00,bearish,swing:b2c2633aab9c7c,2026-05-24 18:17:59.999000+00:00,2026-05-24 18:25:59.999000+00:00,76584.5,76841.42432905074,76159.7,0.656,reversal
2026-05-26 00:09:59.999000+00:00,bearish,untested_breakout:1447af14241b85,2026-05-25 23:15:59.999000+00:00,2026-05-26 00:09:59.999000+00:00,77200.9,77402.65790609288,76871.4,0.568,reversal
2026-05-26 00:16:59.999000+00:00,bearish,untested_breakout:1447af14241b85,2026-05-25 23:31:59.999000+00:00,2026-05-26 00:09:59.999000+00:00,77159.7,77403.20019851481,76641.70171680562,0.576,reversal
2026-05-26 02:41:59.999000+00:00,bearish,vwap_lower:2d59608df3900f,2026-05-26 02:37:59.999000+00:00,2026-05-26 02:41:59.999000+00:00,76595.1,76854.82992176856,76056.0,0.597,reversal
2026-05-26 07:15:59.999000+00:00,bearish,swing:345491a9250b52,2026-05-26 06:40:59.999000+00:00,2026-05-26 06:45:59.999000+00:00,76628.1,77118.32376664174,74203.6,0.714,reversal
2026-05-26 08:29:59.999000+00:00,bearish,untested_breakout:6ee10b41e029db,2026-05-26 08:12:59.999000+00:00,2026-05-26 08:16:59.999000+00:00,76770.2,76977.3100634414,76434.0,0.641,reversal
2026-05-26 09:13:59.999000+00:00,bearish,untested_breakout:6ee10b41e029db,2026-05-26 08:13:59.999000+00:00,2026-05-26 08:16:59.999000+00:00,76659.0,76885.76155361767,76161.4944,0.634,reversal
2026-05-26 09:14:59.999000+00:00,bearish,untested_breakout:6ee10b41e029db,2026-05-26 08:25:59.999000+00:00,2026-05-26 08:50:59.999000+00:00,76651.2,76885.76155361767,76161.4944,0.623,reversal
2026-05-26 09:40:59.999000+00:00,bearish,volume_hvn:df8d12c1c37f98,2026-05-26 09:31:59.999000+00:00,2026-05-26 09:40:59.999000+00:00,76645.3,76843.65514124575,76164.68880000002,0.604,reversal
2026-05-26 18:27:59.999000+00:00,bearish,untested_breakout:e873fef8f4974e,2026-05-26 18:22:59.999000+00:00,2026-05-26 18:27:59.999000+00:00,76105.3,76552.80476725845,74203.6,0.68,reversal
2026-05-26 19:23:59.999000+00:00,bearish,untested_breakout:e873fef8f4974e,2026-05-26 18:23:59.999000+00:00,2026-05-26 18:27:59.999000+00:00,75843.5,76390.21089786953,74203.6,0.707,reversal
2026-05-26 19:24:59.999000+00:00,bearish,untested_breakout:e873fef8f4974e,2026-05-26 18:24:59.999000+00:00,2026-05-26 18:27:59.999000+00:00,75860.0,76390.21089786953,74203.6,0.69,reversal
2026-05-26 19:25:59.999000+00:00,bearish,untested_breakout:e873fef8f4974e,2026-05-26 18:25:59.999000+00:00,2026-05-26 18:27:59.999000+00:00,75889.1,76388.81089786954,74203.6,0.565,reversal
2026-05-26 19:26:59.999000+00:00,bearish,untested_breakout:e873fef8f4974e,2026-05-26 18:26:59.999000+00:00,2026-05-26 18:27:59.999000+00:00,75908.0,76375.11089786954,74203.6,0.536,reversal
2026-05-27 03:35:59.999000+00:00,bearish,untested_breakout:9afacde0635bf3,2026-05-27 02:59:59.999000+00:00,2026-05-27 03:35:59.999000+00:00,75710.5,76014.42206823363,74203.6,0.652,reversal
2026-05-27 12:23:59.999000+00:00,bearish,equal_highs:5c55a06e6ac77b,2026-05-27 12:22:59.999000+00:00,2026-05-27 12:23:59.999000+00:00,75843.4,76217.46707780327,75277.8,0.744,reversal
2026-05-27 13:23:59.999000+00:00,bearish,equal_highs:5c55a06e6ac77b,2026-05-27 12:23:59.999000+00:00,2026-05-27 12:23:59.999000+00:00,75347.4,76176.43635878642,74103.84546182035,0.765,reversal
2026-05-27 13:24:59.999000+00:00,bearish,untested_breakout:de64cd8ebc48ba,2026-05-27 12:25:59.999000+00:00,2026-05-27 12:34:59.999000+00:00,75346.4,76056.33635878643,74281.49546182033,0.638,reversal
2026-05-27 13:26:59.999000+00:00,bearish,untested_breakout:de64cd8ebc48ba,2026-05-27 12:26:59.999000+00:00,2026-05-27 12:34:59.999000+00:00,75229.2,76056.33635878643,73988.49546182035,0.651,reversal
2026-05-27 13:27:59.999000+00:00,bearish,untested_breakout:de64cd8ebc48ba,2026-05-27 12:28:59.999000+00:00,2026-05-27 12:34:59.999000+00:00,75186.9,76056.33635878643,73882.74546182033,0.665,reversal
2026-05-27 13:29:59.999000+00:00,bearish,untested_breakout:de64cd8ebc48ba,2026-05-27 12:29:59.999000+00:00,2026-05-27 12:34:59.999000+00:00,75167.0,76056.33635878643,73832.99546182036,0.686,reversal
2026-05-27 20:23:59.999000+00:00,bearish,swing:f126639d32fc80,2026-05-27 20:18:59.999000+00:00,2026-05-27 20:23:59.999000+00:00,75271.6,75577.50303940859,74632.0,0.605,reversal
2026-05-27 21:19:59.999000+00:00,bearish,swing:f126639d32fc80,2026-05-27 20:19:59.999000+00:00,2026-05-27 20:23:59.999000+00:00,75129.8,75479.99551626535,74604.50672560198,0.594,reversal
2026-05-27 21:20:59.999000+00:00,bearish,swing:f126639d32fc80,2026-05-27 20:20:59.999000+00:00,2026-05-27 20:23:59.999000+00:00,75134.1,75479.99551626535,74615.256725602,0.578,reversal
2026-05-28 14:22:59.999000+00:00,bearish,untested_breakout:548f42d8fc5f55,2026-05-28 14:14:59.999000+00:00,2026-05-28 14:22:59.999000+00:00,73136.5,73680.58494191349,72320.37258712976,0.702,reversal
2026-05-29 14:17:59.999000+00:00,bearish,vwap_lower:eee823ecfb6766,2026-05-29 14:15:59.999000+00:00,2026-05-29 14:17:59.999000+00:00,72865.8,73141.66189262718,72452.00716105924,0.605,reversal
2026-05-29 14:54:59.999000+00:00,bearish,vwap_lower:1000dd559e9436,2026-05-29 14:51:59.999000+00:00,2026-05-29 14:54:59.999000+00:00,72901.9,73235.28219313259,72401.8267103011,0.638,reversal
2026-05-31 21:50:59.999000+00:00,bearish,untested_breakout:2504a68fd8a563,2026-05-31 21:47:59.999000+00:00,2026-05-31 21:50:59.999000+00:00,73803.5,73960.0980794654,73498.07474025406,0.718,reversal
2026-05-31 23:45:59.999000+00:00,bearish,equal_highs:7fd43fe9ac8a64,2026-05-31 23:03:59.999000+00:00,2026-05-31 23:10:59.999000+00:00,73577.6,74257.00424742908,72436.0,0.684,reversal
2026-06-01 00:04:59.999000+00:00,bearish,equal_highs:7fd43fe9ac8a64,2026-05-31 23:04:59.999000+00:00,2026-05-31 23:10:59.999000+00:00,73840.2,74257.14322975559,73211.2808,0.706,reversal
2026-06-01 00:05:59.999000+00:00,bearish,equal_highs:7fd43fe9ac8a64,2026-05-31 23:05:59.999000+00:00,2026-05-31 23:10:59.999000+00:00,73802.2,74144.8432297556,73211.2808,0.67,reversal
2026-06-01 00:06:59.999000+00:00,bearish,equal_highs:7fd43fe9ac8a64,2026-05-31 23:07:59.999000+00:00,2026-05-31 23:10:59.999000+00:00,73773.9,74119.14322975559,73211.2808,0.614,reversal
2026-06-01 00:08:59.999000+00:00,bearish,anchored_vwap:722863062477c2,2026-06-01 00:03:59.999000+00:00,2026-06-01 00:08:59.999000+00:00,73702.0,73938.7432297556,73340.7,0.594,reversal
2026-06-01 00:31:59.999000+00:00,bearish,vwap_upper:236de11d57e913,2026-06-01 00:30:59.999000+00:00,2026-06-01 00:31:59.999000+00:00,73828.0,74154.43650933006,73130.1,0.679,reversal
2026-06-01 01:42:59.999000+00:00,bearish,volume_hvn:06d68a41aa5dbe,2026-06-01 01:35:59.999000+00:00,2026-06-01 01:42:59.999000+00:00,73511.8,73781.79782848117,72436.0,0.707,reversal
2026-06-01 02:19:59.999000+00:00,bearish,untested_breakout:098b7b95202441,2026-06-01 02:08:59.999000+00:00,2026-06-01 02:19:59.999000+00:00,73432.9,73738.9022518852,72436.0,0.652,reversal
2026-06-01 03:12:59.999000+00:00,bearish,volume_hvn:e0194a664383c3,2026-06-01 03:04:59.999000+00:00,2026-06-01 03:12:59.999000+00:00,73872.5,74184.21361056546,73249.9359,0.614,reversal
2026-06-01 04:05:59.999000+00:00,bearish,anchored_vwap:8f10f687339dad,2026-06-01 04:01:59.999000+00:00,2026-06-01 04:05:59.999000+00:00,73705.0,74013.26383229281,73171.0,0.578,reversal
2026-06-01 13:23:59.999000+00:00,bearish,untested_breakout:c46fe3a6024a79,2026-06-01 13:15:59.999000+00:00,2026-06-01 13:23:59.999000+00:00,71815.6,72183.48665418956,71263.77001871567,0.298,reversal
2026-06-01 13:58:59.999000+00:00,bearish,untested_breakout:c46fe3a6024a79,2026-06-01 13:58:59.999000+00:00,2026-06-01 13:58:59.999000+00:00,71620.6,72421.2483750987,70419.62743735197,0.414,reversal
2026-06-01 15:38:59.999000+00:00,bearish,untested_breakout:2652f94e3b8480,2026-06-01 15:36:59.999000+00:00,2026-06-01 15:38:59.999000+00:00,71332.4,71796.87570449142,70635.68644326285,0.496,reversal
2026-06-01 16:37:59.999000+00:00,bearish,untested_breakout:2652f94e3b8480,2026-06-01 15:37:59.999000+00:00,2026-06-01 15:38:59.999000+00:00,71153.6,71639.01258709861,70425.4811193521,0.495,reversal
2026-06-01 23:06:59.999000+00:00,bearish,untested_breakout:e7217f539f402a,2026-06-01 22:56:59.999000+00:00,2026-06-01 23:06:59.999000+00:00,71295.9,71648.1562197561,70650.9,0.578,reversal
2026-06-01 23:57:59.999000+00:00,bearish,untested_breakout:e7217f539f402a,2026-06-01 22:57:59.999000+00:00,2026-06-01 23:06:59.999000+00:00,71372.6,71729.29444781493,70806.0,0.569,reversal
2026-06-01 23:58:59.999000+00:00,bearish,untested_breakout:e7217f539f402a,2026-06-01 22:58:59.999000+00:00,2026-06-01 23:06:59.999000+00:00,71409.8,71766.49444781493,70806.0,0.559,reversal
2026-06-01 23:59:59.999000+00:00,bearish,untested_breakout:e7217f539f402a,2026-06-01 22:59:59.999000+00:00,2026-06-01 23:06:59.999000+00:00,71391.5,71748.19444781492,70806.0,0.566,reversal
2026-06-02 01:30:59.999000+00:00,bearish,untested_breakout:8636045abd2874,2026-06-02 00:53:59.999000+00:00,2026-06-02 01:30:59.999000+00:00,71132.5,71463.0282419797,70636.70763703046,0.61,reversal
2026-06-02 01:54:59.999000+00:00,bearish,untested_breakout:8636045abd2874,2026-06-02 00:54:59.999000+00:00,2026-06-02 01:30:59.999000+00:00,70803.1,71471.80122469543,69800.04816295687,0.608,reversal
2026-06-02 01:55:59.999000+00:00,bearish,untested_breakout:8636045abd2874,2026-06-02 00:55:59.999000+00:00,2026-06-02 01:30:59.999000+00:00,70801.3,71471.80122469543,69795.54816295687,0.606,reversal
2026-06-02 01:56:59.999000+00:00,bearish,untested_breakout:8636045abd2874,2026-06-02 00:56:59.999000+00:00,2026-06-02 01:30:59.999000+00:00,70806.5,71471.80122469543,69808.54816295685,0.61,reversal
2026-06-02 01:57:59.999000+00:00,bearish,untested_breakout:8636045abd2874,2026-06-02 00:57:59.999000+00:00,2026-06-02 01:30:59.999000+00:00,70761.6,71471.80122469543,69696.29816295687,0.608,reversal
2026-06-02 01:58:59.999000+00:00,bearish,untested_breakout:8636045abd2874,2026-06-02 00:58:59.999000+00:00,2026-06-02 01:30:59.999000+00:00,70726.7,71471.80122469543,69609.04816295684,0.611,reversal
2026-06-02 01:59:59.999000+00:00,bearish,untested_breakout:8636045abd2874,2026-06-02 00:59:59.999000+00:00,2026-06-02 01:30:59.999000+00:00,70615.2,71471.80122469543,69330.29816295684,0.615,reversal
2026-06-02 07:20:59.999000+00:00,bearish,untested_breakout:16baaf55afe726,2026-06-02 07:18:59.999000+00:00,2026-06-02 07:20:59.999000+00:00,70140.0,70549.63751276907,69525.5437308464,0.569,reversal
2026-06-02 10:14:59.999000+00:00,bearish,untested_breakout:2ae39db11d5c3e,2026-06-02 10:11:59.999000+00:00,2026-06-02 10:14:59.999000+00:00,69624.9,70024.22525477549,69025.91211783675,0.672,reversal
2026-06-02 11:12:59.999000+00:00,bearish,untested_breakout:2ae39db11d5c3e,2026-06-02 10:12:59.999000+00:00,2026-06-02 10:14:59.999000+00:00,69479.1,69879.3098774376,68878.78518384362,0.708,reversal
2026-06-02 15:10:59.999000+00:00,bearish,volume_hvn:d6e195e28aa4f4,2026-06-02 15:08:59.999000+00:00,2026-06-02 15:10:59.999000+00:00,67869.3,68361.17126707097,67131.49309939356,0.608,reversal
2026-06-02 16:20:59.999000+00:00,bearish,volume_hvn:e3b3b46141a4a4,2026-06-02 16:18:59.999000+00:00,2026-06-02 16:20:59.999000+00:00,67894.6,68463.56085543707,67035.5,0.634,reversal
2026-06-02 16:54:59.999000+00:00,bearish,untested_breakout:99cddd291b9eb1,2026-06-02 16:10:59.999000+00:00,2026-06-02 16:54:59.999000+00:00,67527.0,68308.96587511711,66354.05118732434,0.667,reversal
2026-06-02 17:11:59.999000+00:00,bearish,untested_breakout:99cddd291b9eb1,2026-06-02 16:11:59.999000+00:00,2026-06-02 16:54:59.999000+00:00,67517.3,68311.63974118017,66325.79038822974,0.667,reversal
2026-06-02 17:12:59.999000+00:00,bearish,untested_breakout:99cddd291b9eb1,2026-06-02 16:12:59.999000+00:00,2026-06-02 16:54:59.999000+00:00,67486.7,68311.63974118017,66249.29038822974,0.667,reversal
2026-06-02 17:13:59.999000+00:00,bearish,untested_breakout:99cddd291b9eb1,2026-06-02 16:13:59.999000+00:00,2026-06-02 16:54:59.999000+00:00,67455.7,68311.63974118017,66171.79038822974,0.666,reversal
2026-06-02 17:14:59.999000+00:00,bearish,untested_breakout:99cddd291b9eb1,2026-06-02 16:14:59.999000+00:00,2026-06-02 16:54:59.999000+00:00,67480.8,68311.63974118017,66234.54038822974,0.659,reversal
2026-06-02 19:02:59.999000+00:00,bearish,untested_breakout:51379ae0b355e6,2026-06-02 19:00:59.999000+00:00,2026-06-02 19:02:59.999000+00:00,67239.0,67724.53232660652,66510.7015100902,0.664,reversal
2026-06-02 19:53:59.999000+00:00,bearish,swing:8704adf245443d,2026-06-02 19:53:59.999000+00:00,2026-06-02 19:53:59.999000+00:00,67339.8,67858.99270100374,66561.0109484944,0.623,reversal
2026-06-02 20:00:59.999000+00:00,bearish,untested_breakout:51379ae0b355e6,2026-06-02 19:53:59.999000+00:00,2026-06-02 19:54:59.999000+00:00,67136.3,67686.4217937892,66311.1173093162,0.59,reversal
2026-06-03 04:07:59.999000+00:00,bearish,untested_breakout:67803a3307ad59,2026-06-03 04:04:59.999000+00:00,2026-06-03 04:07:59.999000+00:00,66360.1,66957.11422055816,65464.57866916278,0.643,reversal
2026-06-03 05:05:59.999000+00:00,bearish,untested_breakout:67803a3307ad59,2026-06-03 04:05:59.999000+00:00,2026-06-03 04:07:59.999000+00:00,66904.7,67498.69042855481,65359.1,0.672,reversal
2026-06-03 05:06:59.999000+00:00,bearish,untested_breakout:67803a3307ad59,2026-06-03 04:06:59.999000+00:00,2026-06-03 04:07:59.999000+00:00,66945.3,67539.29042855481,65359.1,0.716,reversal
2026-06-03 05:07:59.999000+00:00,bearish,untested_breakout:67803a3307ad59,2026-06-03 04:26:59.999000+00:00,2026-06-03 04:30:59.999000+00:00,66907.8,67501.79042855481,65359.1,0.647,reversal
2026-06-03 10:12:59.999000+00:00,bearish,swing:b9a770a9947ead,2026-06-03 10:07:59.999000+00:00,2026-06-03 10:12:59.999000+00:00,67229.1,67691.32147286308,66240.7,0.651,reversal
2026-06-03 11:08:59.999000+00:00,bearish,swing:b9a770a9947ead,2026-06-03 10:08:59.999000+00:00,2026-06-03 10:12:59.999000+00:00,67197.6,67626.4952854655,66240.7,0.647,reversal
2026-06-03 11:09:59.999000+00:00,bearish,swing:b9a770a9947ead,2026-06-03 10:09:59.999000+00:00,2026-06-03 10:12:59.999000+00:00,67184.5,67613.39528546549,66240.7,0.672,reversal
2026-06-03 11:10:59.999000+00:00,bearish,swing:b9a770a9947ead,2026-06-03 10:10:59.999000+00:00,2026-06-03 10:12:59.999000+00:00,67191.2,67620.09528546549,66240.7,0.608,reversal
2026-06-03 11:11:59.999000+00:00,bearish,swing:b9a770a9947ead,2026-06-03 10:11:59.999000+00:00,2026-06-03 10:12:59.999000+00:00,67194.6,67623.4952854655,66240.7,0.588,reversal
2026-06-03 11:12:59.999000+00:00,bearish,swing:b9a770a9947ead,2026-06-03 10:12:59.999000+00:00,2026-06-03 10:12:59.999000+00:00,67194.5,67623.39528546549,66240.7,0.556,reversal
2026-06-03 11:13:59.999000+00:00,bearish,swing:b9a770a9947ead,2026-06-03 10:30:59.999000+00:00,2026-06-03 10:31:59.999000+00:00,67257.9,67686.79528546549,66594.7,0.577,reversal
2026-06-03 13:03:59.999000+00:00,bearish,untested_breakout:04891a12fd6cba,2026-06-03 13:01:59.999000+00:00,2026-06-03 13:03:59.999000+00:00,67117.1,67501.36916165645,66380.29200000002,0.806,reversal
2026-06-03 13:49:59.999000+00:00,bearish,untested_breakout:021ee1ee46b5f5,2026-06-03 13:45:59.999000+00:00,2026-06-03 13:45:59.999000+00:00,66775.4,67200.98451099095,65359.1,0.894,reversal
2026-06-03 14:46:59.999000+00:00,bearish,untested_breakout:021ee1ee46b5f5,2026-06-03 13:49:59.999000+00:00,2026-06-03 14:19:59.999000+00:00,66814.0,67247.28615598743,65359.1,0.631,reversal
2026-06-03 14:50:59.999000+00:00,bearish,untested_breakout:021ee1ee46b5f5,2026-06-03 13:50:59.999000+00:00,2026-06-03 14:19:59.999000+00:00,66720.1,67169.42871866247,65359.1,0.63,reversal
2026-06-03 14:51:59.999000+00:00,bearish,untested_breakout:021ee1ee46b5f5,2026-06-03 13:51:59.999000+00:00,2026-06-03 14:19:59.999000+00:00,66901.8,67335.08615598743,66240.7,0.618,reversal
2026-06-03 14:52:59.999000+00:00,bearish,untested_breakout:021ee1ee46b5f5,2026-06-03 13:52:59.999000+00:00,2026-06-03 14:19:59.999000+00:00,66819.7,67252.98615598743,65359.1,0.616,reversal
2026-06-03 14:53:59.999000+00:00,bearish,untested_breakout:021ee1ee46b5f5,2026-06-03 13:53:59.999000+00:00,2026-06-03 14:19:59.999000+00:00,66904.4,67337.68615598742,66240.7,0.603,reversal
2026-06-03 14:54:59.999000+00:00,bearish,untested_breakout:021ee1ee46b5f5,2026-06-03 13:54:59.999000+00:00,2026-06-03 14:19:59.999000+00:00,66858.0,67291.28615598743,65359.1,0.6,reversal
2026-06-03 14:55:59.999000+00:00,bearish,untested_breakout:021ee1ee46b5f5,2026-06-03 13:55:59.999000+00:00,2026-06-03 14:19:59.999000+00:00,66785.6,67218.88615598743,65359.1,0.597,reversal
2026-06-03 14:56:59.999000+00:00,bearish,untested_breakout:021ee1ee46b5f5,2026-06-03 13:56:59.999000+00:00,2026-06-03 14:19:59.999000+00:00,66742.3,67175.58615598743,65359.1,0.601,reversal
2026-06-03 14:57:59.999000+00:00,bearish,untested_breakout:021ee1ee46b5f5,2026-06-03 13:57:59.999000+00:00,2026-06-03 14:19:59.999000+00:00,66817.4,67250.68615598742,65359.1,0.598,reversal
2026-06-03 14:58:59.999000+00:00,bearish,untested_breakout:021ee1ee46b5f5,2026-06-03 13:58:59.999000+00:00,2026-06-03 14:19:59.999000+00:00,66827.2,67260.48615598743,65359.1,0.594,reversal
2026-06-03 14:59:59.999000+00:00,bearish,untested_breakout:021ee1ee46b5f5,2026-06-03 13:59:59.999000+00:00,2026-06-03 14:19:59.999000+00:00,66840.9,67274.18615598742,65359.1,0.6,reversal
2026-06-03 15:30:59.999000+00:00,bearish,untested_breakout:d360af72a6452a,2026-06-03 15:27:59.999000+00:00,2026-06-03 15:28:59.999000+00:00,66649.8,67101.76754180188,65359.1,0.335,reversal
2026-06-03 19:50:59.999000+00:00,bearish,untested_breakout:9b9d08fec13e83,2026-06-03 19:37:59.999000+00:00,2026-06-03 19:50:59.999000+00:00,65607.0,66074.69639481288,64905.455407780675,0.604,reversal
2026-06-03 20:38:59.999000+00:00,bearish,untested_breakout:9b9d08fec13e83,2026-06-03 19:38:59.999000+00:00,2026-06-03 19:50:59.999000+00:00,65296.1,65992.98566319289,64250.771505210665,0.598,reversal
2026-06-03 20:39:59.999000+00:00,bearish,untested_breakout:9b9d08fec13e83,2026-06-03 19:39:59.999000+00:00,2026-06-03 19:50:59.999000+00:00,65299.8,65992.98566319289,64260.02150521068,0.606,reversal
2026-06-03 20:40:59.999000+00:00,bearish,untested_breakout:9b9d08fec13e83,2026-06-03 19:40:59.999000+00:00,2026-06-03 19:50:59.999000+00:00,65288.4,65992.98566319289,64231.52150521068,0.617,reversal
2026-06-03 20:41:59.999000+00:00,bearish,untested_breakout:9b9d08fec13e83,2026-06-03 19:41:59.999000+00:00,2026-06-03 19:50:59.999000+00:00,65277.9,65992.98566319289,64205.27150521068,0.627,reversal
2026-06-03 20:42:59.999000+00:00,bearish,untested_breakout:9b9d08fec13e83,2026-06-03 19:42:59.999000+00:00,2026-06-03 19:50:59.999000+00:00,65287.4,65992.98566319289,64229.02150521068,0.622,reversal
2026-06-03 20:43:59.999000+00:00,bearish,untested_breakout:9b9d08fec13e83,2026-06-03 19:43:59.999000+00:00,2026-06-03 19:50:59.999000+00:00,65182.3,65992.98566319289,63966.27150521068,0.616,reversal
2026-06-03 20:44:59.999000+00:00,bearish,untested_breakout:9b9d08fec13e83,2026-06-03 19:44:59.999000+00:00,2026-06-03 19:50:59.999000+00:00,65158.0,65992.98566319289,63905.52150521067,0.596,reversal
2026-06-04 04:09:59.999000+00:00,bearish,vwap_lower:c46292261fc6e3,2026-06-04 04:04:59.999000+00:00,2026-06-04 04:09:59.999000+00:00,64338.2,65144.03185761654,61344.8,0.603,reversal
2026-06-04 06:24:59.999000+00:00,bearish,vwap_lower:50e4fcd73bafc2,2026-06-04 06:17:59.999000+00:00,2026-06-04 06:24:59.999000+00:00,64233.3,64937.59736976551,61344.8,0.677,reversal
2026-06-04 08:24:59.999000+00:00,bearish,untested_breakout:2d4cca4cf921b5,2026-06-04 08:18:59.999000+00:00,2026-06-04 08:21:59.999000+00:00,63518.9,64171.7894671783,61344.8,0.605,reversal
2026-06-04 09:19:59.999000+00:00,bearish,untested_breakout:2d4cca4cf921b5,2026-06-04 08:19:59.999000+00:00,2026-06-04 08:21:59.999000+00:00,63082.2,63938.850782417736,61344.8,0.565,reversal
2026-06-04 09:20:59.999000+00:00,bearish,untested_breakout:2d4cca4cf921b5,2026-06-04 08:20:59.999000+00:00,2026-06-04 08:21:59.999000+00:00,63089.5,63938.850782417736,61344.8,0.536,reversal
2026-06-04 09:21:59.999000+00:00,bearish,untested_breakout:2d4cca4cf921b5,2026-06-04 08:24:59.999000+00:00,2026-06-04 08:43:59.999000+00:00,63085.6,63938.850782417736,61344.8,0.622,reversal
2026-06-04 09:25:59.999000+00:00,bearish,untested_breakout:2d4cca4cf921b5,2026-06-04 08:25:59.999000+00:00,2026-06-04 08:43:59.999000+00:00,62935.2,63938.850782417736,61344.8,0.619,reversal
2026-06-04 09:26:59.999000+00:00,bearish,untested_breakout:2d4cca4cf921b5,2026-06-04 08:29:59.999000+00:00,2026-06-04 08:43:59.999000+00:00,62905.5,63938.850782417736,61344.8,0.609,reversal
2026-06-04 10:36:59.999000+00:00,bearish,untested_breakout:832230b985bd3d,2026-06-04 10:35:59.999000+00:00,2026-06-04 10:36:59.999000+00:00,62606.6,63250.15218504322,61344.8,0.43,reversal
2026-06-04 11:32:59.999000+00:00,bearish,untested_breakout:832230b985bd3d,2026-06-04 11:30:59.999000+00:00,2026-06-04 11:32:59.999000+00:00,62534.3,63183.019869508,61344.8,0.772,reversal
2026-06-04 12:25:59.999000+00:00,bearish,swing:ca9f71f483ac46,2026-06-04 12:24:59.999000+00:00,2026-06-04 12:25:59.999000+00:00,63184.2,63831.67749756161,62150.8,0.48,reversal
2026-06-04 16:26:59.999000+00:00,bearish,untested_breakout:154c8378e3c7fa,2026-06-04 16:24:59.999000+00:00,2026-06-04 16:26:59.999000+00:00,63653.6,64338.53999812166,62150.8,0.559,reversal
2026-06-04 17:25:59.999000+00:00,bearish,untested_breakout:154c8378e3c7fa,2026-06-04 16:25:59.999000+00:00,2026-06-04 16:26:59.999000+00:00,63181.3,64113.755297153555,61344.8,0.577,reversal
2026-06-04 17:26:59.999000+00:00,bearish,untested_breakout:154c8378e3c7fa,2026-06-04 16:26:59.999000+00:00,2026-06-04 16:26:59.999000+00:00,63222.2,64113.755297153555,61344.8,0.609,reversal
2026-06-04 17:27:59.999000+00:00,bearish,untested_breakout:154c8378e3c7fa,2026-06-04 16:42:59.999000+00:00,2026-06-04 16:54:59.999000+00:00,63210.5,64113.755297153555,61344.8,0.618,reversal
2026-06-04 18:31:59.999000+00:00,bearish,swing:c20e0891f40fae,2026-06-04 18:30:59.999000+00:00,2026-06-04 18:31:59.999000+00:00,63779.5,64488.72959674189,62150.8,0.791,reversal
2026-06-04 19:31:59.999000+00:00,bearish,swing:c20e0891f40fae,2026-06-04 18:31:59.999000+00:00,2026-06-04 18:31:59.999000+00:00,63902.0,64550.466971119975,62910.0,0.827,reversal
2026-06-04 19:32:59.999000+00:00,bearish,swing:c20e0891f40fae,2026-06-04 18:36:59.999000+00:00,2026-06-04 18:57:59.999000+00:00,63919.5,64567.966971119975,62910.0,0.594,reversal
2026-06-04 19:37:59.999000+00:00,bearish,swing:c20e0891f40fae,2026-06-04 18:37:59.999000+00:00,2026-06-04 18:57:59.999000+00:00,63809.3,64457.76697111998,62800.0,0.59,reversal
2026-06-04 19:38:59.999000+00:00,bearish,swing:c20e0891f40fae,2026-06-04 18:38:59.999000+00:00,2026-06-04 18:57:59.999000+00:00,63789.9,64438.36697111998,62800.0,0.585,reversal
2026-06-04 19:39:59.999000+00:00,bearish,swing:c20e0891f40fae,2026-06-04 18:39:59.999000+00:00,2026-06-04 18:57:59.999000+00:00,63936.2,64584.66697111997,62910.0,0.59,reversal
2026-06-04 19:40:59.999000+00:00,bearish,swing:c20e0891f40fae,2026-06-04 18:40:59.999000+00:00,2026-06-04 18:57:59.999000+00:00,63869.7,64518.16697111997,62800.0,0.585,reversal
2026-06-04 19:41:59.999000+00:00,bearish,swing:c20e0891f40fae,2026-06-04 18:41:59.999000+00:00,2026-06-04 18:57:59.999000+00:00,63880.4,64528.86697111998,62800.0,0.58,reversal
2026-06-04 19:42:59.999000+00:00,bearish,swing:c20e0891f40fae,2026-06-04 18:42:59.999000+00:00,2026-06-04 18:57:59.999000+00:00,63868.6,64517.06697111997,62800.0,0.585,reversal
2026-06-04 19:43:59.999000+00:00,bearish,swing:c20e0891f40fae,2026-06-04 18:43:59.999000+00:00,2026-06-04 18:57:59.999000+00:00,63781.9,64430.36697111998,62800.0,0.591,reversal
2026-06-04 19:44:59.999000+00:00,bearish,swing:c20e0891f40fae,2026-06-04 18:47:59.999000+00:00,2026-06-04 18:57:59.999000+00:00,63755.1,64403.56697111997,62150.8,0.578,reversal
2026-06-04 21:21:59.999000+00:00,bearish,untested_breakout:39fa594f838e28,2026-06-04 21:00:59.999000+00:00,2026-06-04 21:21:59.999000+00:00,63523.8,64103.72790201443,62150.8,0.625,reversal
2026-06-04 22:01:59.999000+00:00,bearish,untested_breakout:39fa594f838e28,2026-06-04 21:01:59.999000+00:00,2026-06-04 21:21:59.999000+00:00,63374.5,64039.79454576357,62150.8,0.623,reversal
2026-06-04 22:02:59.999000+00:00,bearish,untested_breakout:39fa594f838e28,2026-06-04 21:02:59.999000+00:00,2026-06-04 21:21:59.999000+00:00,63424.1,64039.79454576357,62150.8,0.62,reversal
2026-06-04 22:03:59.999000+00:00,bearish,untested_breakout:39fa594f838e28,2026-06-04 21:03:59.999000+00:00,2026-06-04 21:21:59.999000+00:00,63400.3,64039.79454576357,62150.8,0.627,reversal
2026-06-04 22:04:59.999000+00:00,bearish,untested_breakout:39fa594f838e28,2026-06-04 21:04:59.999000+00:00,2026-06-04 21:21:59.999000+00:00,63279.9,64039.79454576357,61344.8,0.624,reversal
2026-06-04 22:05:59.999000+00:00,bearish,untested_breakout:39fa594f838e28,2026-06-04 21:05:59.999000+00:00,2026-06-04 21:21:59.999000+00:00,63257.2,64039.79454576357,61344.8,0.588,reversal
2026-06-04 22:06:59.999000+00:00,bearish,untested_breakout:39fa594f838e28,2026-06-04 21:06:59.999000+00:00,2026-06-04 21:21:59.999000+00:00,63248.6,64039.79454576357,61344.8,0.576,reversal
2026-06-04 22:07:59.999000+00:00,bearish,untested_breakout:39fa594f838e28,2026-06-04 21:07:59.999000+00:00,2026-06-04 21:21:59.999000+00:00,63207.5,64039.79454576357,61344.8,0.57,reversal
2026-06-04 22:08:59.999000+00:00,bearish,untested_breakout:39fa594f838e28,2026-06-04 21:08:59.999000+00:00,2026-06-04 21:21:59.999000+00:00,63233.5,64039.79454576357,61344.8,0.575,reversal
2026-06-04 22:09:59.999000+00:00,bearish,untested_breakout:39fa594f838e28,2026-06-04 21:09:59.999000+00:00,2026-06-04 21:21:59.999000+00:00,63239.3,64039.79454576357,61344.8,0.568,reversal
2026-06-04 22:10:59.999000+00:00,bearish,untested_breakout:39fa594f838e28,2026-06-04 21:10:59.999000+00:00,2026-06-04 21:21:59.999000+00:00,63211.4,64039.79454576357,61344.8,0.561,reversal
2026-06-04 22:11:59.999000+00:00,bearish,untested_breakout:39fa594f838e28,2026-06-04 21:11:59.999000+00:00,2026-06-04 21:21:59.999000+00:00,63338.3,64023.09454576357,62150.8,0.552,reversal
2026-06-04 22:12:59.999000+00:00,bearish,untested_breakout:39fa594f838e28,2026-06-04 21:12:59.999000+00:00,2026-06-04 21:21:59.999000+00:00,63332.7,64002.194545763574,62150.8,0.542,reversal
2026-06-04 22:13:59.999000+00:00,bearish,untested_breakout:39fa594f838e28,2026-06-04 21:13:59.999000+00:00,2026-06-04 21:21:59.999000+00:00,63207.0,63999.89454576357,61344.8,0.529,reversal
2026-06-04 22:14:59.999000+00:00,bearish,untested_breakout:39fa594f838e28,2026-06-04 21:14:59.999000+00:00,2026-06-04 21:21:59.999000+00:00,63253.8,63983.09454576357,62150.8,0.535,reversal
2026-06-04 23:56:59.999000+00:00,bearish,equal_highs:fe2d53e5fbee29,2026-06-04 23:55:59.999000+00:00,2026-06-04 23:56:59.999000+00:00,63767.0,64287.19836140166,62980.70912162046,0.613,reversal
2026-06-05 00:23:59.999000+00:00,bearish,swing:df5ead2726fe12,2026-06-04 23:50:59.999000+00:00,2026-06-04 23:56:59.999000+00:00,63876.2,64372.62052590245,63040.0,0.656,reversal
2026-06-05 00:30:59.999000+00:00,bearish,equal_highs:fe2d53e5fbee29,2026-06-05 00:23:59.999000+00:00,2026-06-05 00:25:59.999000+00:00,63895.2,64390.59763119512,63040.0,0.602,reversal
2026-06-05 01:00:59.999000+00:00,bearish,swing:cde19092ffbcce,2026-06-05 00:32:59.999000+00:00,2026-06-05 00:32:59.999000+00:00,63377.5,64122.18520352377,62150.8,0.574,reversal
2026-06-05 04:46:59.999000+00:00,bearish,untested_breakout:6cfe0ba1be3234,2026-06-05 04:25:59.999000+00:00,2026-06-05 04:46:59.999000+00:00,62873.1,63409.36757718317,61344.8,0.616,reversal
2026-06-05 06:11:59.999000+00:00,bearish,untested_breakout:3e4e55649c33e0,2026-06-05 06:06:59.999000+00:00,2026-06-05 06:11:59.999000+00:00,62360.7,62999.59196178532,61344.8,0.682,reversal
2026-06-05 07:07:59.999000+00:00,bearish,untested_breakout:3e4e55649c33e0,2026-06-05 06:07:59.999000+00:00,2026-06-05 06:11:59.999000+00:00,61500.9,62861.50491306183,59459.99263040726,0.664,reversal
2026-06-05 07:08:59.999000+00:00,bearish,untested_breakout:3e4e55649c33e0,2026-06-05 06:08:59.999000+00:00,2026-06-05 06:11:59.999000+00:00,61522.7,62861.50491306183,59514.49263040725,0.641,reversal
2026-06-05 07:09:59.999000+00:00,bearish,untested_breakout:3e4e55649c33e0,2026-06-05 06:09:59.999000+00:00,2026-06-05 06:11:59.999000+00:00,61512.1,62811.20491306183,59563.44263040725,0.608,reversal
2026-06-05 09:17:59.999000+00:00,bearish,swing:4bb43cb6919ccc,2026-06-05 09:15:59.999000+00:00,2026-06-05 09:17:59.999000+00:00,62961.4,63720.81109861787,61330.5,0.855,reversal
2026-06-05 11:24:59.999000+00:00,bearish,vwap_lower:5c383586ee56b9,2026-06-05 11:18:59.999000+00:00,2026-06-05 11:24:59.999000+00:00,62317.9,62933.00540840152,61330.5,0.725,reversal
2026-06-05 12:21:59.999000+00:00,bearish,untested_breakout:984ab3770ce8d4,2026-06-05 12:18:59.999000+00:00,2026-06-05 12:21:59.999000+00:00,62176.3,62807.24595140973,61067.6,0.652,reversal
2026-06-05 13:08:59.999000+00:00,bearish,volume_hvn:555adcb3e89461,2026-06-05 13:04:59.999000+00:00,2026-06-05 13:08:59.999000+00:00,61915.7,62557.35637946322,60953.21543080516,0.597,reversal
2026-06-05 13:19:59.999000+00:00,bearish,untested_breakout:984ab3770ce8d4,2026-06-05 12:19:59.999000+00:00,2026-06-05 12:21:59.999000+00:00,62047.6,62671.27020950158,61067.6,0.645,reversal
2026-06-05 13:20:59.999000+00:00,bearish,untested_breakout:984ab3770ce8d4,2026-06-05 12:20:59.999000+00:00,2026-06-05 12:21:59.999000+00:00,62265.0,62888.67020950158,61067.6,0.636,reversal
2026-06-05 16:28:59.999000+00:00,bearish,swing:700a61bd9a05f1,2026-06-05 16:21:59.999000+00:00,2026-06-05 16:28:59.999000+00:00,60991.7,61919.09413744451,59600.60879383323,0.602,reversal
2026-06-05 17:22:59.999000+00:00,bearish,swing:700a61bd9a05f1,2026-06-05 16:22:59.999000+00:00,2026-06-05 16:28:59.999000+00:00,60902.3,61859.22108027517,59466.91837958725,0.614,reversal
2026-06-05 17:23:59.999000+00:00,bearish,swing:700a61bd9a05f1,2026-06-05 16:23:59.999000+00:00,2026-06-05 16:28:59.999000+00:00,60793.8,61797.121080275174,59288.81837958725,0.605,reversal
2026-06-05 17:24:59.999000+00:00,bearish,swing:700a61bd9a05f1,2026-06-05 16:24:59.999000+00:00,2026-06-05 16:28:59.999000+00:00,60790.8,61797.121080275174,59281.31837958725,0.577,reversal
2026-06-05 17:25:59.999000+00:00,bearish,swing:700a61bd9a05f1,2026-06-05 16:25:59.999000+00:00,2026-06-05 16:28:59.999000+00:00,60696.4,61797.121080275174,59045.31837958725,0.558,reversal
2026-06-05 17:26:59.999000+00:00,bearish,swing:700a61bd9a05f1,2026-06-05 16:27:59.999000+00:00,2026-06-05 16:28:59.999000+00:00,60703.0,61797.121080275174,59061.81837958724,0.59,reversal
2026-06-05 17:28:59.999000+00:00,bearish,swing:700a61bd9a05f1,2026-06-05 16:28:59.999000+00:00,2026-06-05 16:28:59.999000+00:00,60704.5,61797.121080275174,59065.56837958724,0.558,reversal
2026-06-05 17:29:59.999000+00:00,bearish,swing:700a61bd9a05f1,2026-06-05 16:50:59.999000+00:00,2026-06-05 17:11:59.999000+00:00,60665.5,61797.121080275174,58968.06837958724,0.594,reversal
2026-06-05 20:33:59.999000+00:00,bearish,vwap_lower:628025ca80257a,2026-06-05 20:31:59.999000+00:00,2026-06-05 20:33:59.999000+00:00,61008.5,61916.1940767974,59080.0,0.564,reversal
2026-06-05 20:53:59.999000+00:00,bearish,untested_breakout:734b5413fa5664,2026-06-05 20:50:59.999000+00:00,2026-06-05 20:53:59.999000+00:00,61470.0,62358.19092845473,59080.0,0.608,reversal
2026-06-06 01:13:59.999000+00:00,bearish,untested_breakout:edf70bde7610fa,2026-06-06 00:13:59.999000+00:00,2026-06-06 01:13:59.999000+00:00,61111.9,61792.060448839264,59080.0,0.604,reversal
2026-06-06 01:14:59.999000+00:00,bearish,untested_breakout:edf70bde7610fa,2026-06-06 00:14:59.999000+00:00,2026-06-06 01:13:59.999000+00:00,61116.7,61796.86044883926,59080.0,0.606,reversal
2026-06-06 05:24:59.999000+00:00,bearish,swing:4a3a4ead2c4489,2026-06-06 05:23:59.999000+00:00,2026-06-06 05:24:59.999000+00:00,60785.8,61428.529398922525,59451.3,0.917,reversal
2026-06-06 06:07:59.999000+00:00,bearish,swing:77df7bdd9b1df4,2026-06-06 06:03:59.999000+00:00,2026-06-06 06:07:59.999000+00:00,60999.6,61701.05413244644,59451.3,0.602,reversal
2026-06-06 10:17:59.999000+00:00,bearish,untested_breakout:51c641f61c32f3,2026-06-06 10:15:59.999000+00:00,2026-06-06 10:17:59.999000+00:00,60577.1,61089.5719248886,59451.3,0.525,reversal
2026-06-06 11:13:59.999000+00:00,bearish,untested_breakout:51c641f61c32f3,2026-06-06 11:02:59.999000+00:00,2026-06-06 11:13:59.999000+00:00,60591.0,61091.31086697537,59451.3,0.58,reversal
2026-06-06 15:31:59.999000+00:00,bearish,untested_breakout:aa0685379982f5,2026-06-06 15:31:59.999000+00:00,2026-06-06 15:31:59.999000+00:00,60625.1,61044.04661120967,59451.3,0.303,reversal
2026-06-06 16:32:59.999000+00:00,bearish,untested_breakout:aa0685379982f5,2026-06-06 15:34:59.999000+00:00,2026-06-06 16:26:59.999000+00:00,60602.3,61089.247750613984,59451.3,0.618,reversal
2026-06-06 16:35:59.999000+00:00,bearish,untested_breakout:aa0685379982f5,2026-06-06 15:35:59.999000+00:00,2026-06-06 16:26:59.999000+00:00,60546.2,61089.247750613984,59451.3,0.62,reversal
2026-06-06 16:36:59.999000+00:00,bearish,untested_breakout:aa0685379982f5,2026-06-06 15:36:59.999000+00:00,2026-06-06 16:26:59.999000+00:00,60536.4,61089.247750613984,59451.3,0.623,reversal
2026-06-06 16:37:59.999000+00:00,bearish,untested_breakout:aa0685379982f5,2026-06-06 15:37:59.999000+00:00,2026-06-06 16:26:59.999000+00:00,60511.5,61089.247750613984,59451.3,0.616,reversal
2026-06-06 16:38:59.999000+00:00,bearish,untested_breakout:aa0685379982f5,2026-06-06 15:38:59.999000+00:00,2026-06-06 16:26:59.999000+00:00,60540.9,61089.247750613984,59451.3,0.615,reversal
2026-06-06 16:39:59.999000+00:00,bearish,untested_breakout:aa0685379982f5,2026-06-06 15:39:59.999000+00:00,2026-06-06 16:26:59.999000+00:00,60576.0,61089.247750613984,59451.3,0.613,reversal
2026-06-06 16:40:59.999000+00:00,bearish,untested_breakout:aa0685379982f5,2026-06-06 15:40:59.999000+00:00,2026-06-06 16:26:59.999000+00:00,60668.6,61089.247750613984,59451.3,0.616,reversal
2026-06-06 16:41:59.999000+00:00,bearish,untested_breakout:aa0685379982f5,2026-06-06 15:41:59.999000+00:00,2026-06-06 16:26:59.999000+00:00,60675.8,61093.84325184194,59451.3,0.619,reversal
2026-06-06 16:42:59.999000+00:00,bearish,untested_breakout:aa0685379982f5,2026-06-06 15:42:59.999000+00:00,2026-06-06 16:26:59.999000+00:00,60686.8,61104.84325184194,59451.3,0.611,reversal
2026-06-06 16:43:59.999000+00:00,bearish,untested_breakout:aa0685379982f5,2026-06-06 15:43:59.999000+00:00,2026-06-06 16:26:59.999000+00:00,60700.1,61118.14325184194,59451.3,0.609,reversal
2026-06-06 16:44:59.999000+00:00,bearish,untested_breakout:aa0685379982f5,2026-06-06 15:44:59.999000+00:00,2026-06-06 16:26:59.999000+00:00,60731.7,61149.74325184194,59451.3,0.601,reversal
2026-06-06 21:13:59.999000+00:00,bearish,swing:d0d644eed71456,2026-06-06 21:11:59.999000+00:00,2026-06-06 21:13:59.999000+00:00,60797.5,61099.67629634542,60264.14529111413,0.79,reversal
2026-06-06 22:59:59.999000+00:00,bearish,volume_hvn:3b2fd96d577397,2026-06-06 22:45:59.999000+00:00,2026-06-06 22:59:59.999000+00:00,60513.0,60818.93596813343,59451.3,0.619,reversal
2026-06-07 00:38:59.999000+00:00,bearish,swing:b034df88b0df86,2026-06-07 00:31:59.999000+00:00,2026-06-07 00:38:59.999000+00:00,60878.0,61163.00959575192,60390.0,0.666,reversal
2026-06-07 21:57:59.999000+00:00,bearish,volume_hvn:5e3dba3e7a5dea,2026-06-07 21:45:59.999000+00:00,2026-06-07 21:50:59.999000+00:00,61722.2,62125.10493569056,60911.0,0.521,reversal
2026-06-08 04:09:59.999000+00:00,bullish,swing:c44ed5a7843b30,2026-06-08 04:06:59.999000+00:00,2026-06-08 04:09:59.999000+00:00,62959.9,62453.24063514667,63849.5,0.688,reversal
2026-06-08 07:46:59.999000+00:00,bullish,untested_breakout:977ac6669aba9f,2026-06-08 07:42:59.999000+00:00,2026-06-08 07:46:59.999000+00:00,63164.2,62728.9417048053,63849.5,0.585,reversal
2026-06-08 08:43:59.999000+00:00,bullish,untested_breakout:977ac6669aba9f,2026-06-08 07:43:59.999000+00:00,2026-06-08 07:46:59.999000+00:00,63122.3,62702.60731612871,63849.5,0.602,reversal
2026-06-08 08:44:59.999000+00:00,bullish,untested_breakout:977ac6669aba9f,2026-06-08 07:44:59.999000+00:00,2026-06-08 07:46:59.999000+00:00,63136.6,62716.90731612871,63849.5,0.627,reversal
2026-06-08 09:45:59.999000+00:00,bullish,untested_breakout:7d8b13a673f534,2026-06-08 09:32:59.999000+00:00,2026-06-08 09:45:59.999000+00:00,63364.4,62969.731649252135,64250.0,0.621,reversal
2026-06-08 10:33:59.999000+00:00,bullish,untested_breakout:7d8b13a673f534,2026-06-08 09:33:59.999000+00:00,2026-06-08 09:45:59.999000+00:00,63148.3,62765.19804424451,63849.5,0.617,reversal
2026-06-08 10:34:59.999000+00:00,bullish,untested_breakout:7d8b13a673f534,2026-06-08 09:34:59.999000+00:00,2026-06-08 09:45:59.999000+00:00,63280.5,62897.39804424451,64250.0,0.612,reversal
2026-06-08 10:35:59.999000+00:00,bullish,untested_breakout:7d8b13a673f534,2026-06-08 09:35:59.999000+00:00,2026-06-08 09:45:59.999000+00:00,63229.1,62845.99804424451,63849.5,0.583,reversal
2026-06-08 10:36:59.999000+00:00,bullish,untested_breakout:7d8b13a673f534,2026-06-08 09:36:59.999000+00:00,2026-06-08 09:45:59.999000+00:00,63226.6,62843.49804424451,63849.5,0.591,reversal
2026-06-08 10:37:59.999000+00:00,bullish,untested_breakout:7d8b13a673f534,2026-06-08 09:37:59.999000+00:00,2026-06-08 09:45:59.999000+00:00,63188.2,62805.09804424451,63849.5,0.572,reversal
2026-06-08 10:38:59.999000+00:00,bullish,untested_breakout:7d8b13a673f534,2026-06-08 09:38:59.999000+00:00,2026-06-08 09:45:59.999000+00:00,63189.4,62806.29804424451,63849.5,0.561,reversal
2026-06-08 10:39:59.999000+00:00,bullish,untested_breakout:7d8b13a673f534,2026-06-08 09:39:59.999000+00:00,2026-06-08 09:45:59.999000+00:00,63207.2,62824.09804424451,63849.5,0.548,reversal
2026-06-08 10:40:59.999000+00:00,bullish,untested_breakout:7d8b13a673f534,2026-06-08 09:40:59.999000+00:00,2026-06-08 09:45:59.999000+00:00,63206.4,62823.29804424451,63849.5,0.531,reversal
2026-06-08 10:41:59.999000+00:00,bullish,untested_breakout:7d8b13a673f534,2026-06-08 09:41:59.999000+00:00,2026-06-08 09:45:59.999000+00:00,63189.0,62805.89804424451,63849.5,0.538,reversal
2026-06-08 10:42:59.999000+00:00,bullish,untested_breakout:7d8b13a673f534,2026-06-08 09:42:59.999000+00:00,2026-06-08 09:45:59.999000+00:00,63168.6,62785.49804424451,63849.5,0.546,reversal
2026-06-08 10:43:59.999000+00:00,bullish,untested_breakout:7d8b13a673f534,2026-06-08 09:43:59.999000+00:00,2026-06-08 09:45:59.999000+00:00,63216.2,62833.09804424451,63849.5,0.558,reversal
2026-06-08 10:44:59.999000+00:00,bullish,untested_breakout:7d8b13a673f534,2026-06-08 09:44:59.999000+00:00,2026-06-08 09:45:59.999000+00:00,63180.7,62797.59804424451,63849.5,0.577,reversal
2026-06-08 12:00:59.999000+00:00,bullish,untested_breakout:3ef357a402c7b1,2026-06-08 11:46:59.999000+00:00,2026-06-08 12:00:59.999000+00:00,63583.6,63175.07515876031,64250.0,0.649,reversal
2026-06-08 12:08:59.999000+00:00,bullish,swing:4c24effa4b0c19,2026-06-08 12:04:59.999000+00:00,2026-06-08 12:08:59.999000+00:00,63013.7,62604.5250529201,63849.5,0.765,reversal
2026-06-08 15:30:59.999000+00:00,bullish,untested_breakout:06d7c0b6f40932,2026-06-08 15:17:59.999000+00:00,2026-06-08 15:18:59.999000+00:00,63848.6,63347.84037584196,64599.739436237054,0.303,reversal
2026-06-08 16:18:59.999000+00:00,bullish,untested_breakout:06d7c0b6f40932,2026-06-08 15:18:59.999000+00:00,2026-06-08 15:18:59.999000+00:00,63903.0,63420.58555237778,64626.62167143333,0.241,reversal
2026-06-08 16:24:59.999000+00:00,bullish,untested_breakout:06d7c0b6f40932,2026-06-08 15:30:59.999000+00:00,2026-06-08 16:24:59.999000+00:00,64007.0,63481.29518412593,64795.557223811105,0.6,reversal
2026-06-08 17:04:59.999000+00:00,bullish,swing:e6856ad0733abc,2026-06-08 17:03:59.999000+00:00,2026-06-08 17:04:59.999000+00:00,63439.5,62973.38797688567,64179.5,0.87,reversal
2026-06-08 17:05:59.999000+00:00,bullish,vwap_upper:dbb82e1ecad6c9,2026-06-08 17:02:59.999000+00:00,2026-06-08 17:05:59.999000+00:00,63519.8,63053.687976885674,64250.0,0.744,reversal
2026-06-08 17:45:59.999000+00:00,bullish,swing:e6856ad0733abc,2026-06-08 17:41:59.999000+00:00,2026-06-08 17:45:59.999000+00:00,63377.1,62906.12441152248,64179.5,0.634,reversal
2026-06-08 18:42:59.999000+00:00,bullish,vwap_upper:0923bb57e76d4f,2026-06-08 18:37:59.999000+00:00,2026-06-08 18:42:59.999000+00:00,63494.8,63073.269636339304,64179.5,0.599,reversal
2026-06-08 19:19:59.999000+00:00,bullish,volume_hvn:e2f9a819d6dc42,2026-06-08 19:15:59.999000+00:00,2026-06-08 19:19:59.999000+00:00,63436.6,63036.87800329347,64179.5,0.603,reversal
2026-06-08 23:22:59.999000+00:00,bullish,swing:7ed3e6e58b0654,2026-06-08 23:19:59.999000+00:00,2026-06-08 23:22:59.999000+00:00,63182.4,62832.0299243239,63832.5,0.719,reversal
2026-06-09 16:38:59.999000+00:00,bearish,untested_breakout:0aab3ad5688cd1,2026-06-09 16:32:59.999000+00:00,2026-06-09 16:38:59.999000+00:00,60879.1,61445.48463767839,59451.3,0.669,reversal
2026-06-09 18:20:59.999000+00:00,bearish,vwap_lower:a815f0c37e2814,2026-06-09 18:18:59.999000+00:00,2026-06-09 18:20:59.999000+00:00,61823.0,62265.297425751574,60755.0,0.627,reversal
2026-06-09 18:30:59.999000+00:00,bearish,swing:8d7b51ebf3c07b,2026-06-09 18:18:59.999000+00:00,2026-06-09 18:20:59.999000+00:00,61721.0,62165.04760962649,60755.0,0.627,reversal
2026-06-09 19:19:59.999000+00:00,bearish,swing:8d7b51ebf3c07b,2026-06-09 18:19:59.999000+00:00,2026-06-09 18:20:59.999000+00:00,61736.2,62155.75406280951,60755.0,0.662,reversal
2026-06-09 19:20:59.999000+00:00,bearish,swing:8d7b51ebf3c07b,2026-06-09 18:20:59.999000+00:00,2026-06-09 18:20:59.999000+00:00,61792.4,62211.95406280951,60755.0,0.656,reversal
2026-06-09 19:37:59.999000+00:00,bearish,swing:70d5b6a5d49cee,2026-06-09 19:31:59.999000+00:00,2026-06-09 19:37:59.999000+00:00,61887.5,62298.76091546601,60755.0,0.643,reversal
2026-06-09 19:40:59.999000+00:00,bearish,vwap_lower:c736daa8c3af0c,2026-06-09 19:31:59.999000+00:00,2026-06-09 19:40:59.999000+00:00,61743.0,62165.286971822,60755.0,0.619,reversal
2026-06-10 00:34:59.999000+00:00,bearish,untested_breakout:6ef972214caca0,2026-06-09 23:52:59.999000+00:00,2026-06-10 00:34:59.999000+00:00,61561.0,61970.584372048506,60755.0,0.63,reversal
2026-06-10 00:53:59.999000+00:00,bearish,untested_breakout:6ef972214caca0,2026-06-09 23:53:59.999000+00:00,2026-06-10 00:34:59.999000+00:00,61671.5,62015.3957507066,60755.0,0.629,reversal
2026-06-10 00:54:59.999000+00:00,bearish,untested_breakout:6ef972214caca0,2026-06-09 23:54:59.999000+00:00,2026-06-10 00:34:59.999000+00:00,61703.8,62047.6957507066,60755.0,0.633,reversal
2026-06-10 00:55:59.999000+00:00,bearish,untested_breakout:6ef972214caca0,2026-06-09 23:55:59.999000+00:00,2026-06-10 00:34:59.999000+00:00,61715.5,62059.3957507066,60755.0,0.637,reversal
2026-06-10 00:56:59.999000+00:00,bearish,untested_breakout:6ef972214caca0,2026-06-09 23:56:59.999000+00:00,2026-06-10 00:34:59.999000+00:00,61778.6,62122.4957507066,60755.0,0.628,reversal
2026-06-10 00:57:59.999000+00:00,bearish,untested_breakout:6ef972214caca0,2026-06-09 23:57:59.999000+00:00,2026-06-10 00:34:59.999000+00:00,61818.5,62162.3957507066,60755.0,0.627,reversal
2026-06-10 00:58:59.999000+00:00,bearish,untested_breakout:6ef972214caca0,2026-06-09 23:58:59.999000+00:00,2026-06-10 00:34:59.999000+00:00,61842.0,62185.8957507066,60755.0,0.626,reversal
2026-06-10 00:59:59.999000+00:00,bearish,untested_breakout:6ef972214caca0,2026-06-09 23:59:59.999000+00:00,2026-06-10 00:34:59.999000+00:00,61886.5,62230.3957507066,60755.0,0.625,reversal
2026-06-10 01:05:59.999000+00:00,bearish,swing:d642bdd7ac3955,2026-06-10 00:59:59.999000+00:00,2026-06-10 01:05:59.999000+00:00,61830.0,62196.8496256561,60755.0,0.775,reversal
2026-06-10 01:06:59.999000+00:00,bearish,equal_highs:81d2d23e66e998,2026-06-10 00:58:59.999000+00:00,2026-06-10 01:06:59.999000+00:00,61816.4,62183.2496256561,60755.0,0.723,reversal
2026-06-10 01:59:59.999000+00:00,bearish,equal_highs:81d2d23e66e998,2026-06-10 00:59:59.999000+00:00,2026-06-10 01:06:59.999000+00:00,61680.7,62071.106380899706,60755.0,0.747,reversal
2026-06-10 02:04:59.999000+00:00,bearish,vwap_lower:348f9788b51122,2026-06-10 02:02:59.999000+00:00,2026-06-10 02:04:59.999000+00:00,61670.7,62040.67134679206,60755.0,0.612,reversal
2026-06-10 03:18:59.999000+00:00,bearish,untested_breakout:30300d6270a2a1,2026-06-10 03:06:59.999000+00:00,2026-06-10 03:18:59.999000+00:00,61344.5,61705.1035305499,60755.0,0.579,reversal
2026-06-10 04:07:59.999000+00:00,bearish,untested_breakout:30300d6270a2a1,2026-06-10 03:07:59.999000+00:00,2026-06-10 03:18:59.999000+00:00,61483.6,61821.42168608531,60755.0,0.587,reversal
2026-06-10 04:08:59.999000+00:00,bearish,untested_breakout:30300d6270a2a1,2026-06-10 03:08:59.999000+00:00,2026-06-10 03:18:59.999000+00:00,61503.2,61841.02168608531,60755.0,0.571,reversal
2026-06-10 04:09:59.999000+00:00,bearish,untested_breakout:30300d6270a2a1,2026-06-10 03:09:59.999000+00:00,2026-06-10 03:18:59.999000+00:00,61528.2,61866.02168608531,60755.0,0.562,reversal
2026-06-10 04:10:59.999000+00:00,bearish,untested_breakout:30300d6270a2a1,2026-06-10 03:10:59.999000+00:00,2026-06-10 03:18:59.999000+00:00,61504.3,61842.12168608532,60755.0,0.569,reversal
2026-06-10 04:11:59.999000+00:00,bearish,untested_breakout:30300d6270a2a1,2026-06-10 03:11:59.999000+00:00,2026-06-10 03:18:59.999000+00:00,61443.1,61780.92168608531,60755.0,0.578,reversal
2026-06-10 04:12:59.999000+00:00,bearish,untested_breakout:30300d6270a2a1,2026-06-10 03:16:59.999000+00:00,2026-06-10 03:18:59.999000+00:00,61406.1,61743.92168608531,60755.0,0.555,reversal
2026-06-10 12:18:59.999000+00:00,bearish,untested_breakout:6397c83ce142ec,2026-06-10 12:11:59.999000+00:00,2026-06-10 12:18:59.999000+00:00,61077.8,61443.28692314194,60146.0,0.602,reversal
2026-06-10 12:34:59.999000+00:00,bearish,volume_hvn:910a7a9d2ce6b3,2026-06-10 12:33:59.999000+00:00,2026-06-10 12:34:59.999000+00:00,61639.0,62038.56976192487,60824.5,0.714,reversal
2026-06-10 22:00:59.999000+00:00,bearish,untested_breakout:47caa8cc618505,2026-06-10 21:33:59.999000+00:00,2026-06-10 21:39:59.999000+00:00,61246.9,61834.047011627474,60363.0,0.627,reversal
2026-06-10 22:34:59.999000+00:00,bearish,untested_breakout:47caa8cc618505,2026-06-10 21:34:59.999000+00:00,2026-06-10 21:39:59.999000+00:00,61277.4,61830.563749821646,60390.0,0.645,reversal
2026-06-10 22:35:59.999000+00:00,bearish,untested_breakout:47caa8cc618505,2026-06-10 21:35:59.999000+00:00,2026-06-10 21:39:59.999000+00:00,61360.7,61826.563749821646,60390.0,0.623,reversal
2026-06-10 22:47:59.999000+00:00,bearish,untested_breakout:c907a11af5b6a0,2026-06-10 22:43:59.999000+00:00,2026-06-10 22:47:59.999000+00:00,61415.9,61821.76330307459,60708.0,0.658,reversal
2026-06-11 00:01:59.999000+00:00,bearish,swing:6efd9932f68137,2026-06-10 23:42:59.999000+00:00,2026-06-10 23:45:59.999000+00:00,61593.7,61972.46770484111,60824.5,0.58,reversal
2026-06-11 17:30:59.999000+00:00,bullish,london_low:9dfa8b53d3fca7,2026-06-11 17:03:59.999000+00:00,2026-06-11 17:10:59.999000+00:00,63012.7,62180.766895583474,64260.59965662478,0.669,reversal
2026-06-11 18:04:59.999000+00:00,bullish,london_low:9dfa8b53d3fca7,2026-06-11 17:04:59.999000+00:00,2026-06-11 17:10:59.999000+00:00,63485.9,62169.41584364086,65460.62623453871,0.667,reversal
2026-06-11 18:05:59.999000+00:00,bullish,london_low:9dfa8b53d3fca7,2026-06-11 17:05:59.999000+00:00,2026-06-11 17:10:59.999000+00:00,63393.8,62169.41584364086,65230.376234538715,0.626,reversal
2026-06-11 18:06:59.999000+00:00,bullish,london_low:9dfa8b53d3fca7,2026-06-11 17:12:59.999000+00:00,2026-06-11 17:28:59.999000+00:00,63378.8,62169.41584364086,65192.876234538715,0.587,reversal
2026-06-11 18:13:59.999000+00:00,bullish,london_low:9dfa8b53d3fca7,2026-06-11 17:13:59.999000+00:00,2026-06-11 17:28:59.999000+00:00,63423.7,62169.41584364086,65305.1262345387,0.593,reversal
2026-06-11 18:14:59.999000+00:00,bullish,london_low:9dfa8b53d3fca7,2026-06-11 17:15:59.999000+00:00,2026-06-11 17:28:59.999000+00:00,63444.8,62169.41584364086,65357.876234538715,0.608,reversal
2026-06-12 00:38:59.999000+00:00,bullish,untested_breakout:b1603a075cc93d,2026-06-12 00:16:59.999000+00:00,2026-06-12 00:38:59.999000+00:00,63684.3,63386.40717712673,64250.0,0.581,reversal
2026-06-13 12:00:59.999000+00:00,bullish,untested_breakout:41de273dd4e2ed,2026-06-13 11:38:59.999000+00:00,2026-06-13 11:57:59.999000+00:00,63930.0,63797.4546064474,64362.6,0.605,reversal
2026-06-13 15:53:59.999000+00:00,bullish,untested_breakout:a49c90a256253a,2026-06-13 15:45:59.999000+00:00,2026-06-13 15:53:59.999000+00:00,64270.1,64107.06286848975,64514.65569726536,0.603,reversal
2026-06-13 16:08:59.999000+00:00,bullish,swing:e3cc9c98de972d,2026-06-13 16:04:59.999000+00:00,2026-06-13 16:08:59.999000+00:00,64088.8,63898.24409216905,64374.633861746435,0.825,reversal
2026-06-13 18:59:59.999000+00:00,bullish,untested_breakout:9ba80fde82ec79,2026-06-13 18:50:59.999000+00:00,2026-06-13 18:59:59.999000+00:00,64122.7,63926.737361734435,64416.64395739834,0.696,reversal
2026-06-13 21:02:59.999000+00:00,bullish,untested_breakout:6b98a49c473b17,2026-06-13 20:06:59.999000+00:00,2026-06-13 21:02:59.999000+00:00,64284.5,64126.33962490588,64521.74056264118,0.554,reversal
2026-06-13 21:07:59.999000+00:00,bullish,untested_breakout:6b98a49c473b17,2026-06-13 20:07:59.999000+00:00,2026-06-13 21:02:59.999000+00:00,64249.8,64091.63962490588,64487.04056264118,0.555,reversal
2026-06-13 21:08:59.999000+00:00,bullish,untested_breakout:6b98a49c473b17,2026-06-13 20:08:59.999000+00:00,2026-06-13 21:02:59.999000+00:00,64255.8,64097.63962490588,64493.04056264118,0.553,reversal
2026-06-13 21:09:59.999000+00:00,bullish,untested_breakout:6b98a49c473b17,2026-06-13 20:23:59.999000+00:00,2026-06-13 21:02:59.999000+00:00,64270.0,64111.83962490588,64507.24056264118,0.547,reversal
2026-06-14 00:06:59.999000+00:00,bullish,swing:b232a9fa61d316,2026-06-13 23:48:59.999000+00:00,2026-06-14 00:06:59.999000+00:00,64439.9,64269.74028215778,64738.0,0.618,reversal
2026-06-14 00:49:59.999000+00:00,bullish,swing:b232a9fa61d316,2026-06-13 23:49:59.999000+00:00,2026-06-14 00:06:59.999000+00:00,64526.0,64281.53378886064,64892.69931670904,0.614,reversal
2026-06-14 00:50:59.999000+00:00,bullish,swing:b232a9fa61d316,2026-06-13 23:50:59.999000+00:00,2026-06-14 00:06:59.999000+00:00,64503.0,64281.53378886064,64835.19931670904,0.611,reversal
2026-06-14 00:51:59.999000+00:00,bullish,swing:b232a9fa61d316,2026-06-13 23:51:59.999000+00:00,2026-06-14 00:06:59.999000+00:00,64489.8,64281.53378886064,64802.199316709055,0.59,reversal
2026-06-14 00:52:59.999000+00:00,bullish,swing:b232a9fa61d316,2026-06-13 23:52:59.999000+00:00,2026-06-14 00:06:59.999000+00:00,64487.3,64281.53378886064,64795.949316709055,0.584,reversal
2026-06-14 00:53:59.999000+00:00,bullish,swing:b232a9fa61d316,2026-06-13 23:53:59.999000+00:00,2026-06-14 00:06:59.999000+00:00,64502.8,64281.53378886064,64834.699316709055,0.59,reversal
2026-06-14 00:54:59.999000+00:00,bullish,swing:b232a9fa61d316,2026-06-13 23:54:59.999000+00:00,2026-06-14 00:06:59.999000+00:00,64500.0,64281.53378886064,64827.69931670904,0.597,reversal
2026-06-14 00:55:59.999000+00:00,bullish,swing:b232a9fa61d316,2026-06-14 00:01:59.999000+00:00,2026-06-14 00:06:59.999000+00:00,64507.1,64281.53378886064,64845.44931670904,0.57,reversal
2026-06-15 00:07:59.999000+00:00,bullish,untested_breakout:34c422af83bce1,2026-06-15 00:03:59.999000+00:00,2026-06-15 00:07:59.999000+00:00,65705.1,65306.34464389502,66303.23303415749,0.602,reversal
2026-06-15 01:04:59.999000+00:00,bullish,untested_breakout:34c422af83bce1,2026-06-15 00:04:59.999000+00:00,2026-06-15 00:07:59.999000+00:00,65328.5,64942.41673064049,65907.62490403926,0.588,reversal
2026-06-15 01:05:59.999000+00:00,bullish,untested_breakout:34c422af83bce1,2026-06-15 00:05:59.999000+00:00,2026-06-15 00:07:59.999000+00:00,65410.1,65024.01673064049,65989.22490403926,0.607,reversal
2026-06-15 07:24:59.999000+00:00,bullish,untested_breakout:8b48290055af8d,2026-06-15 06:34:59.999000+00:00,2026-06-15 07:24:59.999000+00:00,65958.1,65564.97437651739,66547.78843522392,0.619,reversal
2026-06-15 07:35:59.999000+00:00,bullish,untested_breakout:8b48290055af8d,2026-06-15 06:35:59.999000+00:00,2026-06-15 07:24:59.999000+00:00,65739.0,65481.089334584074,66125.86599812389,0.612,reversal
2026-06-15 07:36:59.999000+00:00,bullish,untested_breakout:8b48290055af8d,2026-06-15 06:36:59.999000+00:00,2026-06-15 07:24:59.999000+00:00,65722.5,65464.589334584074,66109.36599812389,0.598,reversal
2026-06-15 07:37:59.999000+00:00,bullish,untested_breakout:8b48290055af8d,2026-06-15 06:37:59.999000+00:00,2026-06-15 07:24:59.999000+00:00,65717.1,65459.18933458408,66103.9659981239,0.594,reversal
2026-06-15 07:38:59.999000+00:00,bullish,untested_breakout:8b48290055af8d,2026-06-15 06:38:59.999000+00:00,2026-06-15 07:24:59.999000+00:00,65708.7,65450.78933458407,66095.56599812389,0.596,reversal
2026-06-15 07:39:59.999000+00:00,bullish,untested_breakout:8b48290055af8d,2026-06-15 06:39:59.999000+00:00,2026-06-15 07:24:59.999000+00:00,65720.0,65462.089334584074,66106.86599812389,0.598,reversal
2026-06-15 07:40:59.999000+00:00,bullish,untested_breakout:8b48290055af8d,2026-06-15 06:40:59.999000+00:00,2026-06-15 07:24:59.999000+00:00,65712.4,65454.48933458407,66099.26599812388,0.596,reversal
2026-06-15 07:41:59.999000+00:00,bullish,untested_breakout:8b48290055af8d,2026-06-15 06:41:59.999000+00:00,2026-06-15 07:24:59.999000+00:00,65705.1,65447.18933458408,66091.9659981239,0.581,reversal
2026-06-15 07:42:59.999000+00:00,bullish,untested_breakout:8b48290055af8d,2026-06-15 06:42:59.999000+00:00,2026-06-15 07:24:59.999000+00:00,65708.7,65450.78933458407,66095.56599812389,0.578,reversal
2026-06-15 07:43:59.999000+00:00,bullish,untested_breakout:8b48290055af8d,2026-06-15 06:43:59.999000+00:00,2026-06-15 07:24:59.999000+00:00,65694.9,65436.98933458407,66081.76599812388,0.58,reversal
2026-06-15 07:44:59.999000+00:00,bullish,untested_breakout:8b48290055af8d,2026-06-15 06:44:59.999000+00:00,2026-06-15 07:24:59.999000+00:00,65711.5,65453.589334584074,66098.36599812389,0.583,reversal
2026-06-15 08:03:59.999000+00:00,bullish,swing:7a9c53499c2951,2026-06-15 07:58:59.999000+00:00,2026-06-15 08:03:59.999000+00:00,65718.7,65454.74565073837,66114.63152389244,0.727,reversal
2026-06-15 08:59:59.999000+00:00,bullish,swing:7a9c53499c2951,2026-06-15 07:59:59.999000+00:00,2026-06-15 08:03:59.999000+00:00,65619.9,65366.893602285774,65999.40959657132,0.734,reversal
2026-06-15 14:05:59.999000+00:00,bullish,untested_breakout:122230e0a4161e,2026-06-15 14:01:59.999000+00:00,2026-06-15 14:05:59.999000+00:00,66399.1,66071.33673258922,66915.2,0.62,reversal
2026-06-15 15:02:59.999000+00:00,bullish,untested_breakout:122230e0a4161e,2026-06-15 14:02:59.999000+00:00,2026-06-15 14:05:59.999000+00:00,66600.4,66163.8707840438,67255.19382393429,0.61,reversal
2026-06-15 15:03:59.999000+00:00,bullish,untested_breakout:122230e0a4161e,2026-06-15 14:03:59.999000+00:00,2026-06-15 14:05:59.999000+00:00,66588.0,66163.8707840438,67224.1938239343,0.633,reversal
2026-06-15 15:04:59.999000+00:00,bullish,untested_breakout:122230e0a4161e,2026-06-15 14:04:59.999000+00:00,2026-06-15 14:05:59.999000+00:00,66587.6,66165.1707840438,67221.24382393432,0.619,reversal
2026-06-15 15:05:59.999000+00:00,bullish,untested_breakout:122230e0a4161e,2026-06-15 14:05:59.999000+00:00,2026-06-15 14:05:59.999000+00:00,66620.0,66165.1707840438,67302.24382393429,0.493,reversal
2026-06-15 15:06:59.999000+00:00,bullish,untested_breakout:122230e0a4161e,2026-06-15 14:08:59.999000+00:00,2026-06-15 14:12:59.999000+00:00,66592.5,66165.1707840438,67233.49382393429,0.6,reversal
2026-06-15 15:09:59.999000+00:00,bullish,untested_breakout:122230e0a4161e,2026-06-15 14:10:59.999000+00:00,2026-06-15 14:12:59.999000+00:00,66611.9,66165.1707840438,67281.99382393429,0.566,reversal
2026-06-15 15:11:59.999000+00:00,bullish,untested_breakout:122230e0a4161e,2026-06-15 14:11:59.999000+00:00,2026-06-15 14:12:59.999000+00:00,66595.6,66165.1707840438,67241.24382393432,0.536,reversal
2026-06-15 19:22:59.999000+00:00,bullish,vwap_upper:e807a92ad74d51,2026-06-15 19:19:59.999000+00:00,2026-06-15 19:22:59.999000+00:00,66531.3,66205.42732273905,67255.4,0.805,reversal
2026-06-17 12:20:59.999000+00:00,bearish,untested_breakout:eb13071f68c63e,2026-06-17 11:46:59.999000+00:00,2026-06-17 12:20:59.999000+00:00,64730.2,64984.964167298334,63650.0,0.622,reversal
2026-06-17 12:47:59.999000+00:00,bearish,untested_breakout:eb13071f68c63e,2026-06-17 11:47:59.999000+00:00,2026-06-17 12:20:59.999000+00:00,64966.5,65244.99665445622,64525.0,0.62,reversal
2026-06-17 12:48:59.999000+00:00,bearish,untested_breakout:eb13071f68c63e,2026-06-17 11:48:59.999000+00:00,2026-06-17 12:20:59.999000+00:00,65009.4,65287.89665445622,64525.0,0.618,reversal
2026-06-17 12:49:59.999000+00:00,bearish,untested_breakout:eb13071f68c63e,2026-06-17 11:49:59.999000+00:00,2026-06-17 12:20:59.999000+00:00,64987.8,65266.29665445622,64525.0,0.607,reversal
2026-06-17 12:50:59.999000+00:00,bearish,untested_breakout:eb13071f68c63e,2026-06-17 11:50:59.999000+00:00,2026-06-17 12:20:59.999000+00:00,64951.6,65230.09665445622,64525.0,0.605,reversal
2026-06-17 12:51:59.999000+00:00,bearish,untested_breakout:eb13071f68c63e,2026-06-17 11:51:59.999000+00:00,2026-06-17 12:20:59.999000+00:00,64960.3,65238.79665445622,64525.0,0.602,reversal
2026-06-17 12:52:59.999000+00:00,bearish,untested_breakout:eb13071f68c63e,2026-06-17 11:52:59.999000+00:00,2026-06-17 12:20:59.999000+00:00,64935.0,65213.49665445622,63650.0,0.6,reversal
2026-06-17 12:53:59.999000+00:00,bearish,untested_breakout:eb13071f68c63e,2026-06-17 11:53:59.999000+00:00,2026-06-17 12:20:59.999000+00:00,64925.2,65203.69665445622,63650.0,0.597,reversal
2026-06-17 12:54:59.999000+00:00,bearish,untested_breakout:eb13071f68c63e,2026-06-17 11:54:59.999000+00:00,2026-06-17 12:20:59.999000+00:00,64913.6,65192.09665445622,63650.0,0.594,reversal
2026-06-17 12:55:59.999000+00:00,bearish,untested_breakout:eb13071f68c63e,2026-06-17 11:55:59.999000+00:00,2026-06-17 12:20:59.999000+00:00,64979.5,65257.99665445622,64525.0,0.591,reversal
2026-06-17 12:56:59.999000+00:00,bearish,untested_breakout:eb13071f68c63e,2026-06-17 11:56:59.999000+00:00,2026-06-17 12:20:59.999000+00:00,64969.2,65247.69665445622,64525.0,0.587,reversal
2026-06-17 12:57:59.999000+00:00,bearish,untested_breakout:eb13071f68c63e,2026-06-17 11:57:59.999000+00:00,2026-06-17 12:20:59.999000+00:00,64978.4,65256.89665445622,64525.0,0.584,reversal
2026-06-17 12:58:59.999000+00:00,bearish,untested_breakout:eb13071f68c63e,2026-06-17 11:58:59.999000+00:00,2026-06-17 12:20:59.999000+00:00,64999.9,65278.39665445622,64525.0,0.588,reversal
2026-06-17 12:59:59.999000+00:00,bearish,untested_breakout:eb13071f68c63e,2026-06-17 11:59:59.999000+00:00,2026-06-17 12:20:59.999000+00:00,65005.3,65283.79665445622,64525.0,0.584,reversal
2026-06-17 18:32:59.999000+00:00,bearish,volume_hvn:2abb7c5879aae1,2026-06-17 18:31:59.999000+00:00,2026-06-17 18:32:59.999000+00:00,65345.6,65857.08172313933,64550.7,0.634,reversal
2026-06-17 18:56:59.999000+00:00,bearish,untested_breakout:3714fb873ea138,2026-06-17 18:43:59.999000+00:00,2026-06-17 18:56:59.999000+00:00,65623.9,66228.90505716216,64550.7,0.649,reversal
2026-06-17 19:44:59.999000+00:00,bearish,untested_breakout:3714fb873ea138,2026-06-17 18:44:59.999000+00:00,2026-06-17 18:56:59.999000+00:00,64147.0,66241.77411100047,61004.83883349929,0.647,reversal
2026-06-18 08:03:59.999000+00:00,bearish,untested_breakout:1cd4a25b6a075d,2026-06-18 07:47:59.999000+00:00,2026-06-18 08:03:59.999000+00:00,64383.8,64652.37574871183,63811.3,0.611,reversal
2026-06-18 08:13:59.999000+00:00,bearish,vwap_lower:0c9941103c0841,2026-06-18 08:08:59.999000+00:00,2026-06-18 08:13:59.999000+00:00,64478.7,64747.27574871182,63811.3,0.641,reversal
2026-06-18 08:48:59.999000+00:00,bearish,untested_breakout:1cd4a25b6a075d,2026-06-18 07:59:59.999000+00:00,2026-06-18 08:03:59.999000+00:00,64498.9,64759.563290787126,63811.3,0.575,reversal
2026-06-18 12:31:59.999000+00:00,bearish,swing:7df6bbe97437f2,2026-06-18 12:30:59.999000+00:00,2026-06-18 12:31:59.999000+00:00,64141.7,64401.025264335934,63660.1,0.87,reversal
2026-06-18 14:28:59.999000+00:00,bearish,untested_breakout:e79d30878b9f35,2026-06-18 14:16:59.999000+00:00,2026-06-18 14:28:59.999000+00:00,63821.7,64289.27769778801,63120.33345331797,0.643,reversal
2026-06-18 15:17:59.999000+00:00,bearish,untested_breakout:e79d30878b9f35,2026-06-18 14:17:59.999000+00:00,2026-06-18 14:28:59.999000+00:00,63262.4,64309.08622518022,61692.370662229674,0.654,reversal
2026-06-18 15:18:59.999000+00:00,bearish,untested_breakout:e79d30878b9f35,2026-06-18 14:18:59.999000+00:00,2026-06-18 14:28:59.999000+00:00,63231.4,64309.08622518022,61614.870662229674,0.651,reversal
2026-06-18 15:19:59.999000+00:00,bearish,untested_breakout:e79d30878b9f35,2026-06-18 14:19:59.999000+00:00,2026-06-18 14:28:59.999000+00:00,63366.9,64309.08622518022,61953.620662229674,0.639,reversal
2026-06-18 15:20:59.999000+00:00,bearish,untested_breakout:e79d30878b9f35,2026-06-18 14:20:59.999000+00:00,2026-06-18 14:28:59.999000+00:00,63390.0,64309.08622518022,62011.370662229674,0.635,reversal
2026-06-18 15:21:59.999000+00:00,bearish,untested_breakout:e79d30878b9f35,2026-06-18 14:21:59.999000+00:00,2026-06-18 14:28:59.999000+00:00,63415.4,64309.08622518022,62074.870662229674,0.63,reversal
2026-06-18 15:22:59.999000+00:00,bearish,untested_breakout:e79d30878b9f35,2026-06-18 14:22:59.999000+00:00,2026-06-18 14:28:59.999000+00:00,63363.8,64309.08622518022,61945.87066222968,0.645,reversal
2026-06-18 15:23:59.999000+00:00,bearish,untested_breakout:e79d30878b9f35,2026-06-18 14:23:59.999000+00:00,2026-06-18 14:28:59.999000+00:00,63338.9,64309.08622518022,61883.620662229674,0.641,reversal
2026-06-18 15:24:59.999000+00:00,bearish,untested_breakout:e79d30878b9f35,2026-06-18 14:24:59.999000+00:00,2026-06-18 14:28:59.999000+00:00,63317.4,64309.08622518022,61829.870662229674,0.634,reversal
2026-06-18 15:25:59.999000+00:00,bearish,untested_breakout:e79d30878b9f35,2026-06-18 14:25:59.999000+00:00,2026-06-18 14:28:59.999000+00:00,63292.4,64188.08622518022,61948.870662229674,0.658,reversal
2026-06-18 15:26:59.999000+00:00,bearish,untested_breakout:e79d30878b9f35,2026-06-18 14:26:59.999000+00:00,2026-06-18 14:28:59.999000+00:00,63363.1,64179.98622518022,62137.77066222967,0.692,reversal
2026-06-18 15:27:59.999000+00:00,bearish,untested_breakout:e79d30878b9f35,2026-06-18 14:27:59.999000+00:00,2026-06-18 14:28:59.999000+00:00,63354.2,64179.98622518022,62115.52066222967,0.537,reversal
2026-06-18 15:28:59.999000+00:00,bearish,untested_breakout:e79d30878b9f35,2026-06-18 14:28:59.999000+00:00,2026-06-18 14:28:59.999000+00:00,63295.6,64179.98622518022,61969.02066222967,0.554,reversal
2026-06-18 15:29:59.999000+00:00,bearish,untested_breakout:e79d30878b9f35,2026-06-18 14:32:59.999000+00:00,2026-06-18 14:51:59.999000+00:00,63214.9,64179.98622518022,61767.270662229676,0.582,reversal
2026-06-18 17:39:59.999000+00:00,bearish,volume_lvn:976f30d53b3c6c,2026-06-18 17:30:59.999000+00:00,2026-06-18 17:39:59.999000+00:00,62513.1,62985.437780020904,61804.593329968644,0.624,reversal
2026-06-18 23:06:59.999000+00:00,bearish,untested_breakout:13857012d3faaf,2026-06-18 22:54:59.999000+00:00,2026-06-18 23:06:59.999000+00:00,62791.9,63076.52549126805,62241.0,0.6,reversal
2026-06-18 23:55:59.999000+00:00,bearish,untested_breakout:13857012d3faaf,2026-06-18 22:58:59.999000+00:00,2026-06-18 23:06:59.999000+00:00,62953.4,63218.902060610744,62505.8014,0.631,reversal
2026-06-18 23:59:59.999000+00:00,bearish,untested_breakout:13857012d3faaf,2026-06-18 23:02:59.999000+00:00,2026-06-18 23:06:59.999000+00:00,62924.1,63189.60206061074,62505.8014,0.603,reversal
2026-06-19 01:09:59.999000+00:00,bearish,volume_lvn:189e16826de245,2026-06-19 01:03:59.999000+00:00,2026-06-19 01:09:59.999000+00:00,62931.3,63176.188925169474,62241.0,0.598,reversal
2026-06-19 04:18:59.999000+00:00,bearish,untested_breakout:89928069705e09,2026-06-19 04:10:59.999000+00:00,2026-06-19 04:18:59.999000+00:00,62780.0,63080.790329126015,62241.0,0.611,reversal
2026-06-19 05:11:59.999000+00:00,bearish,untested_breakout:89928069705e09,2026-06-19 04:11:59.999000+00:00,2026-06-19 04:18:59.999000+00:00,62611.2,62992.632501590124,62039.05124761481,0.604,reversal
2026-06-19 05:12:59.999000+00:00,bearish,untested_breakout:89928069705e09,2026-06-19 04:14:59.999000+00:00,2026-06-19 04:18:59.999000+00:00,62622.8,62992.632501590124,62068.05124761482,0.627,reversal
2026-06-19 10:16:59.999000+00:00,bearish,untested_breakout:cf6bf6129be5f8,2026-06-19 10:09:59.999000+00:00,2026-06-19 10:16:59.999000+00:00,62424.6,62686.202388365666,62032.1964174515,0.739,reversal
2026-06-19 11:10:59.999000+00:00,bearish,untested_breakout:cf6bf6129be5f8,2026-06-19 10:10:59.999000+00:00,2026-06-19 10:16:59.999000+00:00,62457.8,62708.45409884818,62081.81885172773,0.768,reversal
2026-06-19 11:11:59.999000+00:00,bearish,untested_breakout:cf6bf6129be5f8,2026-06-19 10:12:59.999000+00:00,2026-06-19 10:16:59.999000+00:00,62470.6,62721.25409884818,62094.61885172773,0.731,reversal
2026-06-19 11:13:59.999000+00:00,bearish,untested_breakout:cf6bf6129be5f8,2026-06-19 10:13:59.999000+00:00,2026-06-19 10:16:59.999000+00:00,62435.0,62685.65409884818,62059.01885172773,0.688,reversal
2026-06-19 11:14:59.999000+00:00,bearish,untested_breakout:cf6bf6129be5f8,2026-06-19 10:14:59.999000+00:00,2026-06-19 10:16:59.999000+00:00,62465.8,62716.45409884818,62089.81885172773,0.563,reversal
2026-06-19 11:21:59.999000+00:00,bearish,swing:ee873fdc01dbb0,2026-06-19 10:57:59.999000+00:00,2026-06-19 10:58:59.999000+00:00,62622.2,62868.27880607331,62241.0,0.866,reversal
2026-06-21 08:07:59.999000+00:00,bearish,untested_breakout:c29eed39b18954,2026-06-21 07:34:59.999000+00:00,2026-06-21 08:07:59.999000+00:00,64101.0,64276.78151052165,63820.0,0.561,reversal
2026-06-21 08:35:59.999000+00:00,bearish,untested_breakout:c29eed39b18954,2026-06-21 07:35:59.999000+00:00,2026-06-21 08:07:59.999000+00:00,63871.3,64277.57665958244,63136.2,0.563,reversal
2026-06-21 08:36:59.999000+00:00,bearish,untested_breakout:c29eed39b18954,2026-06-21 07:37:59.999000+00:00,2026-06-21 08:07:59.999000+00:00,63937.8,64277.57665958244,63136.2,0.567,reversal
2026-06-21 08:38:59.999000+00:00,bearish,untested_breakout:c29eed39b18954,2026-06-21 07:38:59.999000+00:00,2026-06-21 08:07:59.999000+00:00,63936.7,64277.57665958244,63136.2,0.57,reversal
2026-06-21 08:39:59.999000+00:00,bearish,untested_breakout:c29eed39b18954,2026-06-21 07:39:59.999000+00:00,2026-06-21 08:07:59.999000+00:00,63931.9,64277.57665958244,63136.2,0.572,reversal
2026-06-21 08:40:59.999000+00:00,bearish,untested_breakout:c29eed39b18954,2026-06-21 07:40:59.999000+00:00,2026-06-21 08:07:59.999000+00:00,63906.7,64277.57665958244,63136.2,0.575,reversal
2026-06-21 08:41:59.999000+00:00,bearish,untested_breakout:c29eed39b18954,2026-06-21 07:44:59.999000+00:00,2026-06-21 08:07:59.999000+00:00,63930.2,64277.57665958244,63136.2,0.581,reversal
2026-06-21 09:42:59.999000+00:00,bearish,untested_breakout:06e9e0fc5a76a4,2026-06-21 09:39:59.999000+00:00,2026-06-21 09:42:59.999000+00:00,64108.4,64272.2905800795,63828.0397,0.574,reversal
2026-06-21 10:40:59.999000+00:00,bearish,untested_breakout:06e9e0fc5a76a4,2026-06-21 09:40:59.999000+00:00,2026-06-21 09:42:59.999000+00:00,64344.7,64504.97313809225,64071.49127010245,0.59,reversal
2026-06-21 13:33:59.999000+00:00,bearish,untested_breakout:aea6cbc7d29117,2026-06-21 12:53:59.999000+00:00,2026-06-21 13:33:59.999000+00:00,63999.9,64261.95977751882,63262.222979132726,0.629,reversal
2026-06-21 13:54:59.999000+00:00,bearish,untested_breakout:aea6cbc7d29117,2026-06-21 12:54:59.999000+00:00,2026-06-21 13:33:59.999000+00:00,64082.2,64279.33795165957,63750.3,0.627,reversal
2026-06-21 13:55:59.999000+00:00,bearish,untested_breakout:aea6cbc7d29117,2026-06-21 12:55:59.999000+00:00,2026-06-21 13:33:59.999000+00:00,64083.1,64280.23795165957,63750.3,0.619,reversal
2026-06-21 13:56:59.999000+00:00,bearish,untested_breakout:aea6cbc7d29117,2026-06-21 12:56:59.999000+00:00,2026-06-21 13:33:59.999000+00:00,64083.0,64280.13795165957,63750.3,0.609,reversal
2026-06-21 13:57:59.999000+00:00,bearish,untested_breakout:aea6cbc7d29117,2026-06-21 12:57:59.999000+00:00,2026-06-21 13:33:59.999000+00:00,64065.6,64263.012650553195,63750.3,0.607,reversal
2026-06-21 13:58:59.999000+00:00,bearish,untested_breakout:aea6cbc7d29117,2026-06-21 12:58:59.999000+00:00,2026-06-21 13:33:59.999000+00:00,64097.2,64294.33795165957,63750.3,0.605,reversal
2026-06-21 13:59:59.999000+00:00,bearish,untested_breakout:aea6cbc7d29117,2026-06-21 12:59:59.999000+00:00,2026-06-21 13:33:59.999000+00:00,64123.2,64320.33795165957,63820.0,0.609,reversal
2026-06-21 15:08:59.999000+00:00,bearish,swing:ba193fcad6b354,2026-06-21 15:01:59.999000+00:00,2026-06-21 15:08:59.999000+00:00,64137.8,64335.60001731393,63820.0,0.704,reversal
2026-06-21 19:03:59.999000+00:00,bearish,volume_hvn:38dced36da6c54,2026-06-21 19:02:59.999000+00:00,2026-06-21 19:03:59.999000+00:00,64192.2,64379.04479677064,63907.4,0.862,reversal
2026-06-21 19:15:59.999000+00:00,bearish,swing:8bf37814eb2b00,2026-06-21 19:01:59.999000+00:00,2026-06-21 19:04:59.999000+00:00,64187.1,64376.64873985845,63871.3,0.817,reversal
2026-06-21 20:02:59.999000+00:00,bearish,swing:8bf37814eb2b00,2026-06-21 19:02:59.999000+00:00,2026-06-21 19:04:59.999000+00:00,64161.4,64341.2329302076,63871.3,0.783,reversal
2026-06-21 20:03:59.999000+00:00,bearish,swing:8bf37814eb2b00,2026-06-21 19:03:59.999000+00:00,2026-06-21 19:04:59.999000+00:00,64161.1,64330.098790622804,63907.4,0.809,reversal
2026-06-21 20:10:59.999000+00:00,bearish,swing:8bf37814eb2b00,2026-06-21 20:06:59.999000+00:00,2026-06-21 20:10:59.999000+00:00,64163.3,64332.29879062281,63907.4,0.56,reversal
2026-06-21 20:11:59.999000+00:00,bearish,volume_hvn:56cd2e7ce5245f,2026-06-21 20:05:59.999000+00:00,2026-06-21 20:11:59.999000+00:00,64142.8,64311.79879062281,63871.3,0.565,reversal
2026-06-21 21:42:59.999000+00:00,bearish,untested_breakout:47e0641d1c53cb,2026-06-21 21:39:59.999000+00:00,2026-06-21 21:42:59.999000+00:00,63870.1,64107.77983058547,63158.7552,0.621,reversal
2026-06-22 00:42:59.999000+00:00,bearish,swing:2d6bc44018e21a,2026-06-22 00:37:59.999000+00:00,2026-06-22 00:42:59.999000+00:00,63898.0,64195.17111089798,63220.0,0.6,reversal
2026-06-23 10:08:59.999000+00:00,bearish,swing:76837e5ebfcef1,2026-06-23 10:02:59.999000+00:00,2026-06-23 10:08:59.999000+00:00,62425.8,62754.3438294989,61870.0,0.61,reversal
2026-06-23 11:03:59.999000+00:00,bearish,swing:76837e5ebfcef1,2026-06-23 10:03:59.999000+00:00,2026-06-23 10:08:59.999000+00:00,62350.6,62664.75214810078,61870.0,0.625,reversal
2026-06-23 11:04:59.999000+00:00,bearish,swing:76837e5ebfcef1,2026-06-23 10:04:59.999000+00:00,2026-06-23 10:08:59.999000+00:00,62305.1,62639.85214810078,61802.97177784883,0.646,reversal
2026-06-23 11:05:59.999000+00:00,bearish,swing:76837e5ebfcef1,2026-06-23 10:05:59.999000+00:00,2026-06-23 10:08:59.999000+00:00,62298.6,62634.35214810078,61794.97177784883,0.62,reversal
2026-06-23 11:06:59.999000+00:00,bearish,swing:76837e5ebfcef1,2026-06-23 10:06:59.999000+00:00,2026-06-23 10:08:59.999000+00:00,62331.6,62634.35214810078,61870.0,0.606,reversal
2026-06-23 11:07:59.999000+00:00,bearish,swing:76837e5ebfcef1,2026-06-23 10:07:59.999000+00:00,2026-06-23 10:08:59.999000+00:00,62350.2,62652.75644430232,61870.0,0.587,reversal
2026-06-23 19:08:59.999000+00:00,bearish,untested_breakout:9b212a05cfb815,2026-06-23 19:05:59.999000+00:00,2026-06-23 19:08:59.999000+00:00,62286.8,62603.750200954215,61811.37469856869,0.618,reversal
2026-06-23 20:06:59.999000+00:00,bearish,untested_breakout:9b212a05cfb815,2026-06-23 19:06:59.999000+00:00,2026-06-23 19:08:59.999000+00:00,62437.7,62744.586190375216,61916.9,0.583,reversal
2026-06-23 20:07:59.999000+00:00,bearish,untested_breakout:9b212a05cfb815,2026-06-23 19:12:59.999000+00:00,2026-06-23 19:18:59.999000+00:00,62463.3,62770.18619037522,61916.9,0.543,reversal
2026-06-23 20:13:59.999000+00:00,bearish,untested_breakout:9b212a05cfb815,2026-06-23 19:28:59.999000+00:00,2026-06-23 19:41:59.999000+00:00,62430.7,62737.586190375216,61916.9,0.598,reversal
2026-06-23 21:10:59.999000+00:00,bearish,swing:8ffaaf5df0c993,2026-06-23 21:04:59.999000+00:00,2026-06-23 21:10:59.999000+00:00,62482.3,62750.644106187676,62075.6,0.64,reversal
2026-06-24 11:50:59.999000+00:00,bearish,asia_high:4bfb0a653a8fc7,2026-06-24 11:49:59.999000+00:00,2026-06-24 11:50:59.999000+00:00,62999.9,63284.96874899357,62301.38770582256,0.792,reversal
2026-06-24 20:00:59.999000+00:00,bearish,swing:9edec44b39d7f9,2026-06-24 19:59:59.999000+00:00,2026-06-24 20:00:59.999000+00:00,59850.4,60342.433598660326,59060.0,0.617,reversal
2026-06-24 20:08:59.999000+00:00,bearish,swing:14d8b5a5036340,2026-06-24 20:06:59.999000+00:00,2026-06-24 20:08:59.999000+00:00,60514.3,61006.33359866033,59380.0,0.772,reversal
2026-06-25 14:42:59.999000+00:00,bearish,vwap_lower:1e150e0e938bea,2026-06-25 14:33:59.999000+00:00,2026-06-25 14:42:59.999000+00:00,59434.4,60724.903429273894,57498.64485608916,0.641,reversal
2026-06-25 14:57:59.999000+00:00,bearish,vwap_lower:09ae4af73438c2,2026-06-25 14:50:59.999000+00:00,2026-06-25 14:57:59.999000+00:00,59438.7,60298.980981548695,58030.0,0.548,reversal
2026-06-25 16:12:59.999000+00:00,bearish,volume_hvn:bf844508beb2ea,2026-06-25 16:09:59.999000+00:00,2026-06-25 16:12:59.999000+00:00,59665.7,60480.92396905339,58030.0,0.582,reversal
2026-06-26 01:03:59.999000+00:00,bearish,untested_breakout:70b03849ef36d2,2026-06-26 01:01:59.999000+00:00,2026-06-26 01:03:59.999000+00:00,59670.7,60043.99122494736,58863.6,0.585,reversal
2026-06-26 03:42:59.999000+00:00,bearish,swing:a9156ad52196b0,2026-06-26 03:39:59.999000+00:00,2026-06-26 03:42:59.999000+00:00,59383.0,59900.57547897686,58325.6,0.674,reversal
2026-06-26 12:20:59.999000+00:00,bearish,untested_breakout:d1d242de9630fd,2026-06-26 12:16:59.999000+00:00,2026-06-26 12:20:59.999000+00:00,59504.1,59865.93048871169,58842.333,0.628,reversal
2026-06-26 12:45:59.999000+00:00,bearish,untested_breakout:d1d242de9630fd,2026-06-26 12:17:59.999000+00:00,2026-06-26 12:20:59.999000+00:00,59353.4,60149.773048626324,58030.0,0.619,reversal
2026-06-26 12:49:59.999000+00:00,bearish,untested_breakout:e6e4c75bd2da13,2026-06-26 12:45:59.999000+00:00,2026-06-26 12:49:59.999000+00:00,59206.8,59729.173048626326,58325.6,0.665,reversal
2026-06-26 13:42:59.999000+00:00,bearish,untested_breakout:e6e4c75bd2da13,2026-06-26 13:35:59.999000+00:00,2026-06-26 13:35:59.999000+00:00,59354.5,59883.284042819265,58325.6,0.656,reversal
2026-06-26 19:23:59.999000+00:00,bearish,untested_breakout:e052b1eadb1839,2026-06-26 19:09:59.999000+00:00,2026-06-26 19:23:59.999000+00:00,59859.1,60363.31925565893,59038.91192655883,0.595,reversal
2026-06-26 20:10:59.999000+00:00,bearish,untested_breakout:e052b1eadb1839,2026-06-26 19:10:59.999000+00:00,2026-06-26 19:23:59.999000+00:00,59676.0,60226.467863785554,58388.0,0.59,reversal
2026-06-26 20:11:59.999000+00:00,bearish,untested_breakout:e052b1eadb1839,2026-06-26 19:11:59.999000+00:00,2026-06-26 19:23:59.999000+00:00,59686.1,60226.467863785554,58857.99511903511,0.583,reversal
2026-06-26 20:12:59.999000+00:00,bearish,untested_breakout:e052b1eadb1839,2026-06-26 19:12:59.999000+00:00,2026-06-26 19:23:59.999000+00:00,59682.9,60226.467863785554,58857.99511903511,0.554,reversal
2026-06-26 20:13:59.999000+00:00,bearish,untested_breakout:e052b1eadb1839,2026-06-26 19:13:59.999000+00:00,2026-06-26 19:23:59.999000+00:00,59660.2,60226.467863785554,58388.0,0.559,reversal
2026-06-26 20:14:59.999000+00:00,bearish,untested_breakout:e052b1eadb1839,2026-06-26 19:14:59.999000+00:00,2026-06-26 19:23:59.999000+00:00,59702.2,60226.467863785554,58857.99511903511,0.565,reversal
2026-06-27 16:39:59.999000+00:00,bullish,untested_breakout:3dfcb5b8c917c5,2026-06-27 16:18:59.999000+00:00,2026-06-27 16:39:59.999000+00:00,60751.7,60550.49969394504,61931.1,0.597,reversal
2026-06-27 17:19:59.999000+00:00,bullish,untested_breakout:3dfcb5b8c917c5,2026-06-27 16:32:59.999000+00:00,2026-06-27 16:39:59.999000+00:00,60586.2,60308.80718265273,61931.1,0.58,reversal
2026-06-27 22:06:59.999000+00:00,bullish,swing:4bdd4a0ce008a5,2026-06-27 22:05:59.999000+00:00,2026-06-27 22:06:59.999000+00:00,60113.3,59909.70750176435,60576.9,0.715,reversal
2026-06-27 22:16:59.999000+00:00,bullish,swing:022de5eaed7281,2026-06-27 22:05:59.999000+00:00,2026-06-27 22:06:59.999000+00:00,59867.3,59661.31053735263,60367.32980060988,0.715,reversal
2026-06-27 22:17:59.999000+00:00,bullish,equal_lows:d5396e72d0de7d,2026-06-27 22:16:59.999000+00:00,2026-06-27 22:17:59.999000+00:00,59900.0,59694.010537352624,60367.32980060988,0.742,reversal
2026-06-27 23:17:59.999000+00:00,bullish,swing:d4abfdb270a5c1,2026-06-27 22:17:59.999000+00:00,2026-06-27 22:18:59.999000+00:00,60028.8,59766.204466952375,60469.8,0.79,reversal
2026-06-28 22:45:59.999000+00:00,bearish,swing:61cf0e0e2e111c,2026-06-28 22:03:59.999000+00:00,2026-06-28 22:04:59.999000+00:00,59091.3,59991.62342433457,57740.814863498155,0.746,reversal
2026-06-28 23:04:59.999000+00:00,bearish,swing:61cf0e0e2e111c,2026-06-28 22:04:59.999000+00:00,2026-06-28 22:04:59.999000+00:00,59218.1,59994.79317973924,58030.0,0.453,reversal
2026-06-28 23:05:59.999000+00:00,bearish,untested_breakout:4aa87de54210d7,2026-06-28 23:01:59.999000+00:00,2026-06-28 23:05:59.999000+00:00,59175.0,59509.77953921772,58288.0,0.589,reversal
2026-06-29 00:13:59.999000+00:00,bearish,vwap_lower:1faf742ff59483,2026-06-29 00:13:59.999000+00:00,2026-06-29 00:13:59.999000+00:00,59560.4,59929.15174457526,58888.0,0.48,reversal
2026-06-29 14:40:59.999000+00:00,bearish,vwap_lower:efdac338d892c9,2026-06-29 14:33:59.999000+00:00,2026-06-29 14:40:59.999000+00:00,59441.1,59997.872681212975,58288.0,0.58,reversal
2026-06-29 14:57:59.999000+00:00,bearish,vwap_lower:b19563b431d9f6,2026-06-29 14:54:59.999000+00:00,2026-06-29 14:57:59.999000+00:00,59383.6,59943.87820398346,58288.0,0.582,reversal
2026-06-29 15:42:59.999000+00:00,bearish,untested_breakout:0e0f8553d48050,2026-06-29 15:36:59.999000+00:00,2026-06-29 15:42:59.999000+00:00,59683.9,60243.998037227284,58288.0,0.677,reversal
2026-06-30 00:55:59.999000+00:00,bearish,anchored_vwap:b2dcc62a1ffb3c,2026-06-30 00:53:59.999000+00:00,2026-06-30 00:55:59.999000+00:00,59823.9,60088.485618389444,59101.14916666666,0.651,reversal
2026-06-30 05:07:59.999000+00:00,bearish,vwap_lower:fa915991e83508,2026-06-30 05:01:59.999000+00:00,2026-06-30 05:07:59.999000+00:00,59419.4,59671.91681158393,58988.0,0.611,reversal
2026-06-30 07:27:59.999000+00:00,bearish,untested_breakout:e64bab0dba8c8e,2026-06-30 07:26:59.999000+00:00,2026-06-30 07:27:59.999000+00:00,59434.1,59677.16660451591,59067.6,0.531,reversal
2026-06-30 08:27:59.999000+00:00,bearish,untested_breakout:e64bab0dba8c8e,2026-06-30 07:27:59.999000+00:00,2026-06-30 07:27:59.999000+00:00,59359.5,59622.305776165995,58850.0,0.551,reversal
2026-06-30 08:28:59.999000+00:00,bearish,untested_breakout:e64bab0dba8c8e,2026-06-30 07:31:59.999000+00:00,2026-06-30 07:39:59.999000+00:00,59379.7,59622.00577616599,58988.0,0.59,reversal
2026-06-30 11:53:59.999000+00:00,bearish,untested_breakout:d1418f69771973,2026-06-30 11:51:59.999000+00:00,2026-06-30 11:53:59.999000+00:00,59212.2,59417.72824960333,58850.0,0.567,reversal
2026-06-30 14:03:59.999000+00:00,bearish,vwap_lower:8a6d953527180f,2026-06-30 14:02:59.999000+00:00,2026-06-30 14:03:59.999000+00:00,59046.7,59381.14894749793,58545.026578753095,0.872,reversal
2026-06-30 18:22:59.999000+00:00,bearish,swing:65ff555f8a949c,2026-06-30 18:19:59.999000+00:00,2026-06-30 18:22:59.999000+00:00,58558.5,58928.846643455094,58002.98003481736,0.774,reversal
2026-06-30 19:02:59.999000+00:00,bearish,swing:09a7d9595ded14,2026-06-30 19:02:59.999000+00:00,2026-06-30 19:02:59.999000+00:00,58632.1,58996.402979471895,58085.64553079216,0.516,reversal
2026-07-01 00:31:59.999000+00:00,bearish,untested_breakout:ea44dade786516,2026-07-01 00:31:59.999000+00:00,2026-07-01 00:31:59.999000+00:00,58420.0,58665.68203235692,58051.47695146462,0.717,reversal
2026-07-01 01:15:59.999000+00:00,bearish,untested_breakout:067a2f7dc7ade9,2026-07-01 01:15:59.999000+00:00,2026-07-01 01:15:59.999000+00:00,58226.2,58542.070143982564,57752.394784026146,0.476,reversal
2026-07-01 01:39:59.999000+00:00,bearish,untested_breakout:ea44dade786516,2026-07-01 01:32:59.999000+00:00,2026-07-01 01:33:59.999000+00:00,58733.0,59066.700847983804,58232.44872802429,0.637,reversal
2026-07-01 01:41:59.999000+00:00,bearish,new_york_high:2e59756a1742ca,2026-07-01 01:39:59.999000+00:00,2026-07-01 01:39:59.999000+00:00,58800.0,59133.700847983804,58299.44872802429,0.453,reversal
2026-07-02 01:17:59.999000+00:00,bearish,untested_breakout:47d5f1eddc3c27,2026-07-02 01:13:59.999000+00:00,2026-07-02 01:17:59.999000+00:00,59812.7,60150.06509404334,59243.18486237652,0.644,reversal
2026-07-02 02:14:59.999000+00:00,bearish,untested_breakout:47d5f1eddc3c27,2026-07-02 01:14:59.999000+00:00,2026-07-02 01:17:59.999000+00:00,60115.7,60458.43650204564,59555.0,0.67,reversal
2026-07-03 01:15:59.999000+00:00,bullish,equal_lows:dc4146da1ca665,2026-07-03 00:28:59.999000+00:00,2026-07-03 00:47:59.999000+00:00,61591.3,61142.84392223369,62263.98411664947,0.615,reversal
2026-07-03 01:29:59.999000+00:00,bullish,equal_lows:dc4146da1ca665,2026-07-03 00:29:59.999000+00:00,2026-07-03 00:47:59.999000+00:00,61542.0,61142.84392223369,62180.0,0.612,reversal
2026-07-03 01:35:59.999000+00:00,bullish,untested_breakout:94d05814bfcca1,2026-07-03 01:16:59.999000+00:00,2026-07-03 01:35:59.999000+00:00,61655.9,61398.36221350271,62180.0,0.603,reversal
2026-07-03 02:17:59.999000+00:00,bullish,untested_breakout:94d05814bfcca1,2026-07-03 01:17:59.999000+00:00,2026-07-03 01:35:59.999000+00:00,61529.4,61277.377350290146,62180.0,0.599,reversal
2026-07-03 02:18:59.999000+00:00,bullish,untested_breakout:94d05814bfcca1,2026-07-03 01:18:59.999000+00:00,2026-07-03 01:35:59.999000+00:00,61529.4,61277.377350290146,62180.0,0.594,reversal
2026-07-03 02:19:59.999000+00:00,bullish,untested_breakout:94d05814bfcca1,2026-07-03 01:19:59.999000+00:00,2026-07-03 01:35:59.999000+00:00,61510.1,61258.07735029014,61900.0,0.584,reversal
2026-07-03 02:20:59.999000+00:00,bullish,untested_breakout:94d05814bfcca1,2026-07-03 01:20:59.999000+00:00,2026-07-03 01:35:59.999000+00:00,61523.6,61271.57735029014,62180.0,0.578,reversal
2026-07-03 02:21:59.999000+00:00,bullish,untested_breakout:94d05814bfcca1,2026-07-03 01:21:59.999000+00:00,2026-07-03 01:35:59.999000+00:00,61546.3,61294.27735029015,62180.0,0.572,reversal
2026-07-03 02:22:59.999000+00:00,bullish,untested_breakout:94d05814bfcca1,2026-07-03 01:22:59.999000+00:00,2026-07-03 01:35:59.999000+00:00,61545.9,61293.877350290146,62180.0,0.578,reversal
2026-07-03 02:23:59.999000+00:00,bullish,untested_breakout:94d05814bfcca1,2026-07-03 01:23:59.999000+00:00,2026-07-03 01:35:59.999000+00:00,61557.1,61305.07735029014,62180.0,0.585,reversal
2026-07-03 02:24:59.999000+00:00,bullish,untested_breakout:94d05814bfcca1,2026-07-03 01:25:59.999000+00:00,2026-07-03 01:35:59.999000+00:00,61524.0,61271.977350290144,62180.0,0.586,reversal
2026-07-03 02:26:59.999000+00:00,bullish,untested_breakout:94d05814bfcca1,2026-07-03 01:26:59.999000+00:00,2026-07-03 01:35:59.999000+00:00,61456.3,61204.27735029015,61847.2,0.579,reversal
2026-07-03 02:27:59.999000+00:00,bullish,untested_breakout:94d05814bfcca1,2026-07-03 01:27:59.999000+00:00,2026-07-03 01:35:59.999000+00:00,61453.8,61201.77735029015,61847.2,0.587,reversal
2026-07-03 02:28:59.999000+00:00,bullish,untested_breakout:94d05814bfcca1,2026-07-03 01:28:59.999000+00:00,2026-07-03 01:35:59.999000+00:00,61420.1,61168.07735029014,61847.2,0.597,reversal
2026-07-03 02:29:59.999000+00:00,bullish,untested_breakout:94d05814bfcca1,2026-07-03 01:29:59.999000+00:00,2026-07-03 01:35:59.999000+00:00,61377.9,61125.877350290146,61847.2,0.588,reversal
2026-07-03 12:18:59.999000+00:00,bullish,untested_breakout:0ebed5b1abb709,2026-07-03 12:15:59.999000+00:00,2026-07-03 12:15:59.999000+00:00,61951.9,61708.152829207436,62317.52075618885,0.624,reversal
2026-07-03 13:28:59.999000+00:00,bullish,untested_breakout:0ebed5b1abb709,2026-07-03 12:28:59.999000+00:00,2026-07-03 13:28:59.999000+00:00,62086.5,61762.19570973026,62572.956435404616,0.595,reversal
2026-07-03 13:29:59.999000+00:00,bullish,untested_breakout:0ebed5b1abb709,2026-07-03 12:29:59.999000+00:00,2026-07-03 13:28:59.999000+00:00,62065.9,61762.19570973026,62521.456435404616,0.592,reversal
2026-07-04 01:07:59.999000+00:00,bullish,equal_lows:dae5e2635c89b4,2026-07-04 01:02:59.999000+00:00,2026-07-04 01:03:59.999000+00:00,62508.2,62275.51127270091,62925.7,0.789,reversal
2026-07-04 15:24:59.999000+00:00,bullish,volume_lvn:546df77cba65b7,2026-07-04 15:15:59.999000+00:00,2026-07-04 15:24:59.999000+00:00,62869.3,62672.79389476012,63164.059157859825,0.57,reversal
2026-07-04 23:04:59.999000+00:00,bullish,swing:e81b318231d236,2026-07-04 23:02:59.999000+00:00,2026-07-04 23:04:59.999000+00:00,63179.4,62988.39017323212,63465.91474015183,0.587,reversal
2026-07-05 21:12:59.999000+00:00,bullish,swing:73711b825dc852,2026-07-05 21:04:59.999000+00:00,2026-07-05 21:12:59.999000+00:00,62703.0,62531.96810539614,63031.99824423869,0.637,reversal
2026-07-05 21:13:59.999000+00:00,bullish,equal_lows:2f080777f376ba,2026-07-05 21:01:59.999000+00:00,2026-07-05 21:13:59.999000+00:00,62723.3,62531.96810539614,63031.99824423869,0.641,reversal
2026-07-05 22:02:59.999000+00:00,bullish,equal_lows:2f080777f376ba,2026-07-05 21:02:59.999000+00:00,2026-07-05 21:13:59.999000+00:00,63052.5,62516.172913843686,63856.99062923447,0.653,reversal
2026-07-05 22:03:59.999000+00:00,bullish,equal_lows:2f080777f376ba,2026-07-05 21:03:59.999000+00:00,2026-07-05 21:13:59.999000+00:00,63081.8,62516.172913843686,63930.24062923448,0.668,reversal
2026-07-05 22:04:59.999000+00:00,bullish,equal_lows:2f080777f376ba,2026-07-05 21:04:59.999000+00:00,2026-07-05 21:13:59.999000+00:00,63024.3,62516.172913843686,63786.49062923448,0.641,reversal
2026-07-05 22:05:59.999000+00:00,bullish,equal_lows:2f080777f376ba,2026-07-05 21:05:59.999000+00:00,2026-07-05 21:13:59.999000+00:00,63073.6,62516.172913843686,63909.74062923447,0.655,reversal
2026-07-05 22:06:59.999000+00:00,bullish,equal_lows:2f080777f376ba,2026-07-05 21:06:59.999000+00:00,2026-07-05 21:13:59.999000+00:00,63048.0,62516.172913843686,63845.74062923447,0.672,reversal
2026-07-05 22:07:59.999000+00:00,bullish,equal_lows:2f080777f376ba,2026-07-05 21:07:59.999000+00:00,2026-07-05 21:13:59.999000+00:00,63023.8,62516.172913843686,63785.24062923448,0.67,reversal
2026-07-05 22:08:59.999000+00:00,bullish,equal_lows:2f080777f376ba,2026-07-05 21:08:59.999000+00:00,2026-07-05 21:13:59.999000+00:00,63013.8,62518.772913843684,63756.34062923448,0.669,reversal
2026-07-05 22:09:59.999000+00:00,bullish,equal_lows:2f080777f376ba,2026-07-05 21:09:59.999000+00:00,2026-07-05 21:13:59.999000+00:00,63021.5,62528.07291384369,63761.64062923447,0.667,reversal
2026-07-05 22:10:59.999000+00:00,bullish,equal_lows:2f080777f376ba,2026-07-05 21:10:59.999000+00:00,2026-07-05 21:13:59.999000+00:00,63069.4,62552.87291384368,63844.19062923448,0.613,reversal
2026-07-05 22:11:59.999000+00:00,bullish,vwap_upper:37ecd4b6ac4f4c,2026-07-05 22:00:59.999000+00:00,2026-07-05 22:03:59.999000+00:00,63123.2,62912.47291384369,63440.0,0.721,reversal
2026-07-06 16:00:59.999000+00:00,bullish,untested_breakout:4e59478ab28134,2026-07-06 15:22:59.999000+00:00,2026-07-06 15:41:59.999000+00:00,63402.0,62068.709793392736,65401.9353099109,0.638,reversal
2026-07-06 16:23:59.999000+00:00,bullish,untested_breakout:4e59478ab28134,2026-07-06 15:24:59.999000+00:00,2026-07-06 15:41:59.999000+00:00,63600.0,62063.62337957896,65904.56493063156,0.634,reversal
2026-07-06 16:25:59.999000+00:00,bullish,untested_breakout:4e59478ab28134,2026-07-06 15:25:59.999000+00:00,2026-07-06 15:41:59.999000+00:00,63475.0,62063.62337957896,65592.06493063156,0.631,reversal
2026-07-06 16:26:59.999000+00:00,bullish,untested_breakout:4e59478ab28134,2026-07-06 15:26:59.999000+00:00,2026-07-06 15:41:59.999000+00:00,63447.3,62063.62337957896,65522.81493063157,0.639,reversal
2026-07-06 16:27:59.999000+00:00,bullish,untested_breakout:4e59478ab28134,2026-07-06 15:27:59.999000+00:00,2026-07-06 15:41:59.999000+00:00,63401.1,62063.62337957896,65407.31493063156,0.636,reversal
2026-07-06 16:28:59.999000+00:00,bullish,untested_breakout:4e59478ab28134,2026-07-06 15:28:59.999000+00:00,2026-07-06 15:41:59.999000+00:00,63425.1,62063.62337957896,65467.31493063156,0.614,reversal
2026-07-06 16:29:59.999000+00:00,bullish,untested_breakout:4e59478ab28134,2026-07-06 15:30:59.999000+00:00,2026-07-06 15:41:59.999000+00:00,63442.7,62063.62337957896,65511.31493063155,0.559,reversal
2026-07-07 01:10:59.999000+00:00,bullish,swing:7a17716f94c8bb,2026-07-07 01:04:59.999000+00:00,2026-07-07 01:10:59.999000+00:00,64019.8,63695.55106423026,64517.6,0.746,reversal
2026-07-07 08:34:59.999000+00:00,bullish,anchored_vwap:fc04c3fd5df589,2026-07-07 08:31:59.999000+00:00,2026-07-07 08:34:59.999000+00:00,63055.2,62793.26311683099,63656.834633333325,0.587,reversal
2026-07-07 12:21:59.999000+00:00,bullish,volume_hvn:ba958ded26922a,2026-07-07 12:21:59.999000+00:00,2026-07-07 12:21:59.999000+00:00,63725.8,63460.861636824724,64298.1,0.495,reversal
2026-07-07 13:37:59.999000+00:00,bullish,anchored_vwap:2fd28fb163ddee,2026-07-07 13:35:59.999000+00:00,2026-07-07 13:37:59.999000+00:00,63100.0,62816.073770827556,63652.545999999995,0.658,reversal
2026-07-07 13:45:59.999000+00:00,bullish,swing:321d703e35c567,2026-07-07 13:35:59.999000+00:00,2026-07-07 13:44:59.999000+00:00,63245.7,62862.71092906567,63868.0,0.62,reversal
2026-07-07 15:00:59.999000+00:00,bullish,asia_low:40df4d16b73c96,2026-07-07 14:36:59.999000+00:00,2026-07-07 14:38:59.999000+00:00,63519.8,62496.86263431081,65054.206048533786,0.732,reversal
2026-07-07 18:49:59.999000+00:00,bullish,vwap_upper:602aff74c18e0e,2026-07-07 18:49:59.999000+00:00,2026-07-07 18:49:59.999000+00:00,63899.1,63551.45716524985,64517.6,0.408,reversal
2026-07-08 13:35:59.999000+00:00,bearish,untested_breakout:37f46bce80f7d5,2026-07-08 13:35:59.999000+00:00,2026-07-08 13:35:59.999000+00:00,61953.5,62237.4367197444,61297.0,0.685,reversal
2026-07-08 14:15:59.999000+00:00,bearish,untested_breakout:37f46bce80f7d5,2026-07-08 14:10:59.999000+00:00,2026-07-08 14:15:59.999000+00:00,61952.1,62261.5826068799,61297.0,0.691,reversal
2026-07-08 15:22:59.999000+00:00,bearish,untested_breakout:4d62f42be52cc2,2026-07-08 15:19:59.999000+00:00,2026-07-08 15:22:59.999000+00:00,61568.0,61915.06504022014,61047.402439669786,0.62,reversal
2026-07-08 16:20:59.999000+00:00,bearish,untested_breakout:4d62f42be52cc2,2026-07-08 15:20:59.999000+00:00,2026-07-08 15:22:59.999000+00:00,61907.3,62237.71714035109,61297.0,0.606,reversal
2026-07-08 16:21:59.999000+00:00,bearish,untested_breakout:4d62f42be52cc2,2026-07-08 15:21:59.999000+00:00,2026-07-08 15:22:59.999000+00:00,61915.7,62246.11714035108,61297.0,0.635,reversal
2026-07-08 16:22:59.999000+00:00,bearish,untested_breakout:4d62f42be52cc2,2026-07-08 15:28:59.999000+00:00,2026-07-08 15:42:59.999000+00:00,61881.6,62212.01714035108,61297.0,0.657,reversal
2026-07-08 16:29:59.999000+00:00,bearish,untested_breakout:4d62f42be52cc2,2026-07-08 15:29:59.999000+00:00,2026-07-08 15:42:59.999000+00:00,61890.0,62220.417140351085,61297.0,0.655,reversal
2026-07-08 22:08:59.999000+00:00,bearish,swing:3bd9d8d78ccbaf,2026-07-08 22:06:59.999000+00:00,2026-07-08 22:08:59.999000+00:00,62198.4,62458.33024142637,61520.0,0.625,reversal
2026-07-09 00:35:59.999000+00:00,bearish,vwap_lower:43b439650c5125,2026-07-09 00:30:59.999000+00:00,2026-07-09 00:35:59.999000+00:00,62131.1,62351.063263366865,61666.0,0.567,reversal
2026-07-09 00:50:59.999000+00:00,bearish,vwap_lower:dc402961edb78f,2026-07-09 00:46:59.999000+00:00,2026-07-09 00:50:59.999000+00:00,62125.2,62351.298030269216,61666.0,0.59,reversal
2026-07-09 01:10:59.999000+00:00,bearish,volume_lvn:e3351f1c0ce95c,2026-07-09 01:09:59.999000+00:00,2026-07-09 01:10:59.999000+00:00,62437.8,62697.12915222619,61926.9,0.475,reversal
2026-07-09 01:12:59.999000+00:00,bearish,untested_breakout:d6c9c25b8bfd1e,2026-07-09 01:09:59.999000+00:00,2026-07-09 01:12:59.999000+00:00,62379.7,62697.12915222619,61666.0,0.753,reversal
2026-07-09 02:00:59.999000+00:00,bearish,equal_highs:9366721e48ce6e,2026-07-09 01:09:59.999000+00:00,2026-07-09 01:30:59.999000+00:00,61867.1,62721.308875643794,60585.78668653431,0.602,reversal
2026-07-09 02:10:59.999000+00:00,bearish,equal_highs:9366721e48ce6e,2026-07-09 01:10:59.999000+00:00,2026-07-09 01:30:59.999000+00:00,62031.1,62702.1088756438,61024.5866865343,0.606,reversal
2026-07-09 02:11:59.999000+00:00,bearish,equal_highs:9366721e48ce6e,2026-07-09 01:11:59.999000+00:00,2026-07-09 01:30:59.999000+00:00,62019.4,62623.1088756438,61113.83668653431,0.598,reversal
2026-07-09 02:12:59.999000+00:00,bearish,equal_highs:9366721e48ce6e,2026-07-09 01:12:59.999000+00:00,2026-07-09 01:30:59.999000+00:00,62013.9,62623.1088756438,61100.08668653431,0.579,reversal
2026-07-09 02:13:59.999000+00:00,bearish,equal_highs:9366721e48ce6e,2026-07-09 01:13:59.999000+00:00,2026-07-09 01:30:59.999000+00:00,62050.2,62623.1088756438,61190.8366865343,0.583,reversal
2026-07-09 02:14:59.999000+00:00,bearish,equal_highs:9366721e48ce6e,2026-07-09 01:14:59.999000+00:00,2026-07-09 01:30:59.999000+00:00,62048.3,62623.1088756438,61186.08668653431,0.578,reversal
2026-07-09 02:17:59.999000+00:00,bearish,untested_breakout:fe338ccb03d4d4,2026-07-09 02:10:59.999000+00:00,2026-07-09 02:17:59.999000+00:00,61991.9,62304.49258215058,61520.0,0.635,reversal
2026-07-09 03:11:59.999000+00:00,bearish,untested_breakout:fe338ccb03d4d4,2026-07-09 02:14:59.999000+00:00,2026-07-09 02:17:59.999000+00:00,61768.7,62200.44138763179,61121.08791855231,0.55,reversal
2026-07-10 05:33:59.999000+00:00,bullish,untested_breakout:a47567d1db1e7a,2026-07-10 05:00:59.999000+00:00,2026-07-10 05:33:59.999000+00:00,64058.7,63810.62870538664,64430.80694192003,0.603,reversal
2026-07-10 06:01:59.999000+00:00,bullish,untested_breakout:a47567d1db1e7a,2026-07-10 05:01:59.999000+00:00,2026-07-10 05:33:59.999000+00:00,64100.0,63831.60008709242,64502.59986936137,0.601,reversal
2026-07-10 06:02:59.999000+00:00,bullish,untested_breakout:a47567d1db1e7a,2026-07-10 05:02:59.999000+00:00,2026-07-10 05:33:59.999000+00:00,64124.6,63831.60008709242,64564.099869361366,0.598,reversal
2026-07-10 06:03:59.999000+00:00,bullish,untested_breakout:a47567d1db1e7a,2026-07-10 05:03:59.999000+00:00,2026-07-10 05:33:59.999000+00:00,64057.4,63807.200261277256,64432.69960808412,0.592,reversal
2026-07-10 06:04:59.999000+00:00,bullish,untested_breakout:a47567d1db1e7a,2026-07-10 05:04:59.999000+00:00,2026-07-10 05:33:59.999000+00:00,64037.6,63787.40026127725,64412.89960808412,0.589,reversal
2026-07-10 06:05:59.999000+00:00,bullish,untested_breakout:a47567d1db1e7a,2026-07-10 05:05:59.999000+00:00,2026-07-10 05:33:59.999000+00:00,64048.4,63798.200261277256,64423.69960808412,0.586,reversal
2026-07-10 06:06:59.999000+00:00,bullish,untested_breakout:a47567d1db1e7a,2026-07-10 05:06:59.999000+00:00,2026-07-10 05:33:59.999000+00:00,64018.7,63768.50026127725,64393.999608084116,0.583,reversal
2026-07-10 06:07:59.999000+00:00,bullish,untested_breakout:a47567d1db1e7a,2026-07-10 05:07:59.999000+00:00,2026-07-10 05:33:59.999000+00:00,64028.0,63777.800261277254,64403.29960808412,0.586,reversal
2026-07-10 06:08:59.999000+00:00,bullish,untested_breakout:a47567d1db1e7a,2026-07-10 05:08:59.999000+00:00,2026-07-10 05:33:59.999000+00:00,64045.4,63795.200261277256,64420.69960808412,0.583,reversal
2026-07-10 06:09:59.999000+00:00,bullish,untested_breakout:a47567d1db1e7a,2026-07-10 05:09:59.999000+00:00,2026-07-10 05:33:59.999000+00:00,64020.0,63769.800261277254,64395.29960808412,0.579,reversal
2026-07-10 06:10:59.999000+00:00,bullish,untested_breakout:a47567d1db1e7a,2026-07-10 05:10:59.999000+00:00,2026-07-10 05:33:59.999000+00:00,64020.0,63769.800261277254,64395.29960808412,0.575,reversal
2026-07-10 06:11:59.999000+00:00,bullish,untested_breakout:a47567d1db1e7a,2026-07-10 05:11:59.999000+00:00,2026-07-10 05:33:59.999000+00:00,64037.1,63786.90026127725,64412.39960808412,0.579,reversal
2026-07-10 06:12:59.999000+00:00,bullish,untested_breakout:a47567d1db1e7a,2026-07-10 05:12:59.999000+00:00,2026-07-10 05:33:59.999000+00:00,64025.1,63774.90026127725,64400.39960808412,0.583,reversal
2026-07-10 06:13:59.999000+00:00,bullish,untested_breakout:a47567d1db1e7a,2026-07-10 05:13:59.999000+00:00,2026-07-10 05:33:59.999000+00:00,64031.7,63781.50026127725,64406.999608084116,0.587,reversal
2026-07-10 06:14:59.999000+00:00,bullish,untested_breakout:a47567d1db1e7a,2026-07-10 05:14:59.999000+00:00,2026-07-10 05:33:59.999000+00:00,64006.1,63755.90026127725,64381.39960808412,0.583,reversal
2026-07-10 10:31:59.999000+00:00,bullish,untested_breakout:9f29a2ac971b42,2026-07-10 09:59:59.999000+00:00,2026-07-10 10:31:59.999000+00:00,64420.8,64167.12889306587,64801.3066604012,0.591,reversal
2026-07-10 23:01:59.999000+00:00,bullish,untested_breakout:62f07f89cd23bf,2026-07-10 22:52:59.999000+00:00,2026-07-10 22:55:59.999000+00:00,64054.1,63854.90915273778,64680.0,0.746,reversal
2026-07-10 23:53:59.999000+00:00,bullish,untested_breakout:62f07f89cd23bf,2026-07-10 22:53:59.999000+00:00,2026-07-10 22:55:59.999000+00:00,64097.4,63913.398490730644,64680.0,0.758,reversal
2026-07-10 23:54:59.999000+00:00,bullish,untested_breakout:62f07f89cd23bf,2026-07-10 23:01:59.999000+00:00,2026-07-10 23:17:59.999000+00:00,64109.2,63925.19849073064,64680.0,0.596,reversal
2026-07-11 00:44:59.999000+00:00,bullish,vwap_upper:0bf522414e6e2f,2026-07-11 00:36:59.999000+00:00,2026-07-11 00:44:59.999000+00:00,64118.0,63941.64915602596,64680.0,0.561,reversal
2026-07-11 09:31:59.999000+00:00,bullish,untested_breakout:68c1ffcfbfb24c,2026-07-11 09:14:59.999000+00:00,2026-07-11 09:31:59.999000+00:00,64272.6,64149.88425506162,64680.0,0.582,reversal
2026-07-11 22:10:59.999000+00:00,bullish,untested_breakout:688d27e44c33d4,2026-07-11 21:13:59.999000+00:00,2026-07-11 22:10:59.999000+00:00,64402.9,64266.356968288375,64680.0,0.59,reversal
2026-07-11 22:14:59.999000+00:00,bullish,untested_breakout:688d27e44c33d4,2026-07-11 21:14:59.999000+00:00,2026-07-11 22:10:59.999000+00:00,64334.0,64218.070904865126,64680.0,0.589,reversal
2026-07-11 22:42:59.999000+00:00,bullish,swing:4bdee3d413bec8,2026-07-11 22:22:59.999000+00:00,2026-07-11 22:24:59.999000+00:00,64178.2,64050.571851643916,64438.9,0.789,reversal
2026-07-12 13:19:59.999000+00:00,bullish,untested_breakout:4bba88c3e9dbbd,2026-07-12 12:37:59.999000+00:00,2026-07-12 13:19:59.999000+00:00,64061.0,63918.90157022603,64405.2,0.591,reversal
2026-07-12 13:38:59.999000+00:00,bullish,untested_breakout:4bba88c3e9dbbd,2026-07-12 12:38:59.999000+00:00,2026-07-12 13:19:59.999000+00:00,64053.2,63913.47937420108,64405.2,0.589,reversal
2026-07-12 13:39:59.999000+00:00,bullish,untested_breakout:4bba88c3e9dbbd,2026-07-12 12:39:59.999000+00:00,2026-07-12 13:19:59.999000+00:00,64017.4,63877.679374201085,64235.39707580826,0.592,reversal
2026-07-12 13:40:59.999000+00:00,bullish,untested_breakout:4bba88c3e9dbbd,2026-07-12 12:40:59.999000+00:00,2026-07-12 13:19:59.999000+00:00,64023.5,63883.77937420108,64235.39707580826,0.59,reversal
2026-07-12 13:41:59.999000+00:00,bullish,untested_breakout:4bba88c3e9dbbd,2026-07-12 12:41:59.999000+00:00,2026-07-12 13:19:59.999000+00:00,64015.2,63875.47937420108,64235.39707580826,0.588,reversal
2026-07-12 13:42:59.999000+00:00,bullish,untested_breakout:4bba88c3e9dbbd,2026-07-12 12:42:59.999000+00:00,2026-07-12 13:19:59.999000+00:00,64015.3,63875.57937420109,64235.39707580826,0.585,reversal
2026-07-12 13:43:59.999000+00:00,bullish,untested_breakout:4bba88c3e9dbbd,2026-07-12 12:43:59.999000+00:00,2026-07-12 13:19:59.999000+00:00,64015.3,63875.57937420109,64235.39707580826,0.583,reversal
2026-07-12 13:44:59.999000+00:00,bullish,untested_breakout:4bba88c3e9dbbd,2026-07-12 12:50:59.999000+00:00,2026-07-12 13:19:59.999000+00:00,64015.3,63875.57937420109,64235.39707580826,0.575,reversal
2026-07-12 15:00:59.999000+00:00,bullish,swing:d9b5e272628a96,2026-07-12 14:10:59.999000+00:00,2026-07-12 14:32:59.999000+00:00,64144.2,63880.18264995826,64680.0,0.618,reversal
2026-07-12 15:11:59.999000+00:00,bullish,swing:d9b5e272628a96,2026-07-12 14:15:59.999000+00:00,2026-07-12 14:32:59.999000+00:00,64179.9,63880.88264995826,64680.0,0.596,reversal
2026-07-12 16:25:59.999000+00:00,bullish,untested_breakout:e6d775353cc705,2026-07-12 16:12:59.999000+00:00,2026-07-12 16:25:59.999000+00:00,64141.7,63960.54165340511,64438.9,0.647,reversal
2026-07-12 17:13:59.999000+00:00,bullish,untested_breakout:e6d775353cc705,2026-07-12 16:13:59.999000+00:00,2026-07-12 16:25:59.999000+00:00,64110.4,63957.52240801498,64405.2,0.645,reversal
2026-07-12 17:14:59.999000+00:00,bullish,untested_breakout:e6d775353cc705,2026-07-12 16:14:59.999000+00:00,2026-07-12 16:25:59.999000+00:00,64110.4,63957.52240801498,64405.2,0.656,reversal
2026-07-13 11:17:59.999000+00:00,bearish,untested_breakout:06ce21ff93e24d,2026-07-13 11:09:59.999000+00:00,2026-07-13 11:17:59.999000+00:00,63018.2,63232.12494177711,62675.0,0.58,reversal
2026-07-13 12:10:59.999000+00:00,bearish,untested_breakout:06ce21ff93e24d,2026-07-13 11:10:59.999000+00:00,2026-07-13 11:17:59.999000+00:00,62901.5,63173.562432833365,62434.9,0.569,reversal
2026-07-13 15:02:59.999000+00:00,bearish,swing:f77ada5c2968f0,2026-07-13 15:00:59.999000+00:00,2026-07-13 15:02:59.999000+00:00,62716.0,63031.1672090506,62061.3,0.61,reversal
2026-07-13 20:15:59.999000+00:00,bearish,untested_breakout:e8f9a9bb98bf93,2026-07-13 19:51:59.999000+00:00,2026-07-13 20:15:59.999000+00:00,62149.6,62408.3725233344,61761.4412149984,0.643,reversal
2026-07-13 20:52:59.999000+00:00,bearish,untested_breakout:e8f9a9bb98bf93,2026-07-13 19:52:59.999000+00:00,2026-07-13 20:15:59.999000+00:00,62089.0,62381.30672864542,61650.539907031874,0.649,reversal
2026-07-13 20:53:59.999000+00:00,bearish,untested_breakout:e8f9a9bb98bf93,2026-07-13 19:53:59.999000+00:00,2026-07-13 20:15:59.999000+00:00,62127.4,62381.30672864542,61746.53990703188,0.655,reversal
2026-07-13 20:54:59.999000+00:00,bearish,untested_breakout:e8f9a9bb98bf93,2026-07-13 19:54:59.999000+00:00,2026-07-13 20:15:59.999000+00:00,62138.7,62385.620185936255,61768.31972109561,0.641,reversal
2026-07-13 20:55:59.999000+00:00,bearish,untested_breakout:e8f9a9bb98bf93,2026-07-13 19:55:59.999000+00:00,2026-07-13 20:15:59.999000+00:00,62150.0,62396.92018593626,61779.619721095616,0.647,reversal
2026-07-13 20:56:59.999000+00:00,bearish,untested_breakout:e8f9a9bb98bf93,2026-07-13 19:56:59.999000+00:00,2026-07-13 20:15:59.999000+00:00,62143.6,62390.52018593626,61773.21972109561,0.645,reversal
2026-07-13 20:57:59.999000+00:00,bearish,untested_breakout:e8f9a9bb98bf93,2026-07-13 19:57:59.999000+00:00,2026-07-13 20:15:59.999000+00:00,62147.9,62394.82018593626,61777.51972109561,0.643,reversal
2026-07-13 20:58:59.999000+00:00,bearish,untested_breakout:e8f9a9bb98bf93,2026-07-13 19:58:59.999000+00:00,2026-07-13 20:15:59.999000+00:00,62174.0,62420.92018593626,61803.619721095616,0.651,reversal
2026-07-13 20:59:59.999000+00:00,bearish,untested_breakout:e8f9a9bb98bf93,2026-07-13 19:59:59.999000+00:00,2026-07-13 20:15:59.999000+00:00,62179.3,62426.22018593626,61806.0,0.649,reversal
2026-07-14 22:19:59.999000+00:00,bullish,untested_breakout:e9ae94577657f2,2026-07-14 21:51:59.999000+00:00,2026-07-14 22:19:59.999000+00:00,64738.4,64404.60284380204,65239.09573429695,0.606,reversal
2026-07-14 22:52:59.999000+00:00,bullish,untested_breakout:e9ae94577657f2,2026-07-14 21:52:59.999000+00:00,2026-07-14 22:19:59.999000+00:00,64879.4,64390.83944184971,65612.24083722543,0.61,reversal
2026-07-14 22:53:59.999000+00:00,bullish,untested_breakout:e9ae94577657f2,2026-07-14 21:53:59.999000+00:00,2026-07-14 22:19:59.999000+00:00,64920.8,64390.83944184971,65715.74083722544,0.614,reversal
2026-07-14 22:54:59.999000+00:00,bullish,untested_breakout:e9ae94577657f2,2026-07-14 21:54:59.999000+00:00,2026-07-14 22:19:59.999000+00:00,64893.0,64390.83944184971,65646.24083722543,0.607,reversal
2026-07-14 22:55:59.999000+00:00,bullish,untested_breakout:e9ae94577657f2,2026-07-14 21:55:59.999000+00:00,2026-07-14 22:19:59.999000+00:00,64889.9,64390.83944184971,65638.49083722543,0.605,reversal
2026-07-14 22:56:59.999000+00:00,bullish,untested_breakout:e9ae94577657f2,2026-07-14 21:56:59.999000+00:00,2026-07-14 22:19:59.999000+00:00,64892.4,64390.83944184971,65644.74083722543,0.602,reversal
2026-07-14 22:57:59.999000+00:00,bullish,untested_breakout:e9ae94577657f2,2026-07-14 21:57:59.999000+00:00,2026-07-14 22:19:59.999000+00:00,64865.9,64390.83944184971,65578.49083722543,0.606,reversal
2026-07-14 22:58:59.999000+00:00,bullish,untested_breakout:e9ae94577657f2,2026-07-14 21:58:59.999000+00:00,2026-07-14 22:19:59.999000+00:00,64852.3,64390.83944184971,65544.49083722544,0.603,reversal
2026-07-14 22:59:59.999000+00:00,bullish,untested_breakout:e9ae94577657f2,2026-07-14 21:59:59.999000+00:00,2026-07-14 22:19:59.999000+00:00,64837.1,64390.83944184971,65506.49083722543,0.599,reversal
2026-07-14 23:10:59.999000+00:00,bullish,untested_breakout:80676942d721e0,2026-07-14 22:58:59.999000+00:00,2026-07-14 23:10:59.999000+00:00,64980.9,64657.729481717586,65465.65577742363,0.593,reversal
2026-07-14 23:59:59.999000+00:00,bullish,untested_breakout:80676942d721e0,2026-07-14 22:59:59.999000+00:00,2026-07-14 23:10:59.999000+00:00,65014.7,64658.47806899911,65549.03289650133,0.586,reversal
2026-07-18 13:30:59.999000+00:00,bullish,untested_breakout:a969919a477428,2026-07-18 13:13:59.999000+00:00,2026-07-18 13:30:59.999000+00:00,64059.0,63890.228924147836,64356.7,0.632,reversal
2026-07-18 14:14:59.999000+00:00,bullish,untested_breakout:a969919a477428,2026-07-18 13:19:59.999000+00:00,2026-07-18 13:30:59.999000+00:00,64136.1,63889.55835806625,64687.6,0.57,reversal
